model	feature	coefficient	odds_ratio
pam_only	pam_minus3_C	-1.3274953655581525	0.2651405104091182
pam_only	pam_minus3_G	-1.3598348867499177	0.2567031585473924
pam_only	pam_minus3_T	3.4408627328715324	31.213875791974164
pam_only	pam_minus2_C	-1.8390077134030307	0.15897509672449472
pam_only	pam_minus2_G	-2.0503319184005453	0.12869218119507736
pam_only	pam_minus2_T	2.8805545144989795	17.82415419170812
pam_only	pam_minus1_C	3.5889491831370295	36.19602054659801
pam_only	pam_minus1_G	-1.8515876668750346	0.15698772414108156
pam_only	pam_minus1_T	-1.8560162342436322	0.15629403059671537
pam_only	intercept	-6.857029258541915	0.0010520346178127546
mobile_only	mobile_nearby	3.4769661177925006	32.36139233844039
mobile_only	intercept	-2.270479249927566	0.1032626795907798
pam_plus_mobile	pam_minus3_C	-1.1774067246056572	0.3080766311235157
pam_plus_mobile	pam_minus3_G	-1.4145458807663402	0.2430359556945299
pam_plus_mobile	pam_minus3_T	2.6671957131185935	14.399532101729454
pam_plus_mobile	pam_minus2_C	-1.4129127311307805	0.24343319406355704
pam_plus_mobile	pam_minus2_G	-2.2158760413139786	0.1090579331330322
pam_plus_mobile	pam_minus2_T	2.335368811579351	10.333270256403102
pam_plus_mobile	pam_minus1_C	3.2191438485612416	25.006701490365
pam_plus_mobile	pam_minus1_G	-1.7364117496294338	0.17615134307232536
pam_plus_mobile	pam_minus1_T	-1.8724927369464208	0.1537399505133666
pam_plus_mobile	mobile_nearby	2.079573154613026	8.001052972756415
pam_plus_mobile	intercept	-6.75428737920253	0.0011658703618258705
