pam3	pam_minus3	pam_minus2	pam_minus1	mobile_nearby	predicted_probability	predicted_percent	rank_within_context
TTC	T	T	C	0	0.8126650733084303	81.26650733084303	1
TAC	T	A	C	0	0.2956814978356099	29.568149783560987	2
ATC	A	T	C	0	0.23151529515177632	23.151529515177632	3
TTA	T	T	A	0	0.14783002746593232	14.783002746593233	4
TCC	T	C	C	0	0.0927205354293279	9.27205354293279	5
CTC	C	T	C	0	0.08492935756497735	8.492935756497735	6
GTC	G	T	C	0	0.0682224383380157	6.822243833801569	7
TGC	T	G	C	0	0.043779458340850286	4.377945834085029	8
TTG	T	T	G	0	0.029651729224088336	2.9651729224088337	9
AAC	A	A	C	0	0.028328662092748966	2.8328662092748966	10
TTT	T	T	T	0	0.025977197224814154	2.5977197224814152	11
TAA	T	A	A	0	0.0165108045183692	1.6510804518369198	12
ATA	A	T	A	0	0.011903844895210923	1.1903844895210922	13
CAC	C	A	C	0	0.008901887013078482	0.8901887013078482	14
ACC	A	C	C	0	0.007047175463884614	0.7047175463884614	15
GAC	G	A	C	0	0.0070357566738495645	0.7035756673849565	16
TCA	T	C	A	0	0.004070119891509881	0.40701198915098813	17
CTA	C	T	A	0	0.003697753155803493	0.3697753155803493	18
AGC	A	G	C	0	0.003169459959796398	0.3169459959796398	19
TAG	T	A	G	0	0.002948507177313277	0.2948507177313277	20
GTA	G	T	A	0	0.002919368111858401	0.2919368111858401	21
TAT	T	A	T	0	0.0025743400669088327	0.2574340066908833	22
CCC	C	C	C	0	0.002181708315522308	0.2181708315522308	23
ATG	A	T	G	0	0.002117645949172028	0.2117645949172028	24
ATT	A	T	T	0	0.0018487200658587391	0.1848720065858739	25
TGA	T	G	A	0	0.0018275173059393477	0.18275173059393476	26
GCC	G	C	C	0	0.001721902440820656	0.1721902440820656	27
AAA	A	A	A	0	0.0011645126909934714	0.11645126909934714	28
CGC	C	G	C	0	0.0009785826014513885	0.09785826014513885	29
GGC	G	G	C	0	0.0007721452359110236	0.07721452359110235	30
TCG	T	C	G	0	0.0007193692475596617	0.07193692475596616	31
CTG	C	T	G	0	0.0006533545568609271	0.06533545568609271	32
TCT	T	C	T	0	0.0006279027663471487	0.06279027663471487	33
CTT	C	T	T	0	0.0005702769324157316	0.05702769324157316	34
GTG	G	T	G	0	0.0005154904288769359	0.05154904288769359	35
GTT	G	T	T	0	0.0004499350937649273	0.04499350937649273	36
CAA	C	A	A	0	0.0003590484513040447	0.03590484513040447	37
TGG	T	G	G	0	0.00032240504020905115	0.032240504020905114	38
ACA	A	C	A	0	0.00028373101990388704	0.028373101990388703	39
GAA	G	A	A	0	0.00028326815401907943	0.028326815401907943	40
TGT	T	G	T	0	0.0002813976170369064	0.02813976170369064	41
AAG	A	A	G	0	0.0002053274620589158	0.02053274620589158	42
AAT	A	A	T	0	0.00017920873020666996	0.017920873020666996	43
AGA	A	G	A	0	0.00012713124755268395	0.012713124755268394	44
CCA	C	C	A	0	8.742806064486103e-05	0.008742806064486103	45
GCA	G	C	A	0	6.897165291274462e-05	0.006897165291274462	46
CAG	C	A	G	0	6.326558098433765e-05	0.006326558098433765	47
CAT	C	A	T	0	5.521686869038994e-05	0.005521686869038994	48
ACG	A	C	G	0	4.999128576136861e-05	0.0049991285761368616	49
GAG	G	A	G	0	4.9909713214256005e-05	0.004990971321425601	50
ACT	A	C	T	0	4.3631269273097726e-05	0.0043631269273097725	51
GAT	G	A	T	0	4.356007413749814e-05	0.004356007413749814	52
CGA	C	G	A	0	3.9169612014657964e-05	0.003916961201465796	53
GGA	G	G	A	0	3.0900437913650626e-05	0.0030900437913650627	54
AGG	A	G	G	0	2.2396685762471704e-05	0.0022396685762471704	55
AGT	A	G	T	0	1.9547254720272057e-05	0.0019547254720272056	56
CCG	C	C	G	0	1.5401679649133146e-05	0.0015401679649133147	57
CCT	C	C	T	0	1.344218026193036e-05	0.001344218026193036	58
GCG	G	C	G	0	1.215013969220982e-05	0.001215013969220982	59
GCT	G	C	T	0	1.0604317457948372e-05	0.0010604317457948373	60
CGG	C	G	G	0	6.900002425924713e-06	0.0006900002425924714	61
CGT	C	G	T	0	6.022133832513251e-06	0.0006022133832513251	62
GGG	G	G	G	0	5.443292211449778e-06	0.0005443292211449777	63
GGT	G	G	T	0	4.750756027035031e-06	0.0004750756027035031	64
TTC	T	T	C	1	0.9719957228076849	97.19957228076849	1
TAC	T	A	C	1	0.7705864073663798	77.05864073663798	2
ATC	A	T	C	1	0.7067804502463418	70.67804502463419	3
TTA	T	T	A	1	0.5812362299977575	58.12362299977575	4
TCC	T	C	C	1	0.44984737181298745	44.98473718129875	5
CTC	C	T	C	1	0.4261422606460478	42.61422606460478	6
GTC	G	T	C	1	0.3694103041189118	36.94103041189118	7
TGC	T	G	C	1	0.26810650347644516	26.810650347644515	8
TTG	T	T	G	1	0.19646105269471903	19.646105269471903	9
AAC	A	A	C	1	0.1891457597619933	18.91457597619933	10
TTT	T	T	T	1	0.17586141420545606	17.586141420545605	11
TAA	T	A	A	1	0.11841578385182303	11.841578385182302	12
ATA	A	T	A	1	0.0879163901039093	8.791639010390929	13
CAC	C	A	C	1	0.06704599028583293	6.704599028583293	14
ACC	A	C	C	1	0.05373372837907798	5.373372837907798	15
GAC	G	A	C	1	0.05365074907064536	5.365074907064536	16
TCA	T	C	A	1	0.031663003612699595	3.1663003612699594	17
CTA	C	T	A	1	0.028839321739209764	2.8839321739209764	18
AGC	A	G	C	1	0.02480852681176077	2.480852681176077	19
TAG	T	A	G	1	0.023114027227921188	2.311402722792119	20
GTA	G	T	A	1	0.0228901746241054	2.28901746241054	21
TAT	T	A	T	1	0.02023277411260508	2.023277411260508	22
CCC	C	C	C	1	0.017193348210337044	1.7193348210337043	23
ATG	A	T	G	1	0.016695868618197718	1.6695868618197718	24
ATT	A	T	T	1	0.014602704561777294	1.4602704561777293	25
TGA	T	G	A	1	0.014437343525285478	1.4437343525285478	26
GCC	G	C	C	1	0.013612927035084944	1.3612927035084943	27
AAA	A	A	A	1	0.00924197957800979	0.924197957800979	28
CGC	C	G	C	1	0.007776414174163661	0.777641417416366	29
GGC	G	G	C	1	0.006144757423013433	0.6144757423013433	30
TCG	T	C	G	1	0.005726868984702922	0.5726868984702922	31
CTG	C	T	G	1	0.005203721712405954	0.5203721712405954	32
TCT	T	C	T	1	0.005001895061983569	0.5001895061983569	33
CTT	C	T	T	1	0.004544671168458047	0.4544671168458047	34
GTG	G	T	G	1	0.00410963465637358	0.41096346563735797	35
GTT	G	T	T	1	0.0035886502016678297	0.35886502016678296	36
CAA	C	A	A	1	0.0028655624649356116	0.28655624649356115	37
TGG	T	G	G	1	0.0025737703558975627	0.2573770355897563	38
ACA	A	C	A	1	0.002265646404223261	0.22656464042232607	39
GAA	G	A	A	1	0.002261957647148977	0.2261957647148977	40
TGT	T	G	T	1	0.002247050372169012	0.22470503721690122	41
AAG	A	A	G	1	0.0016404777001576482	0.16404777001576482	42
AAT	A	A	T	1	0.0014320618074845032	0.14320618074845032	43
AGA	A	G	A	1	0.0010162793041260843	0.10162793041260842	44
CCA	C	C	A	1	0.000699088640418882	0.0699088640418882	45
GCA	G	C	A	1	0.0005515795050635888	0.055157950506358876	46
CAG	C	A	G	1	0.000505967158958023	0.0505967158958023	47
CAT	C	A	T	1	0.0004416223706736344	0.04416223706736344	48
ACG	A	C	G	1	0.00039984298385133636	0.039984298385133635	49
GAG	G	A	G	1	0.0003991907738241677	0.039919077382416776	50
ACT	A	C	T	1	0.00034898949270748247	0.03489894927074825	51
GAT	G	A	T	1	0.0003484202042206424	0.03484202042206424	52
CGA	C	G	A	1	0.00031331222150208815	0.031331222150208816	53
GGA	G	G	A	1	0.0002471825662390416	0.02471825662390416	54
AGG	A	G	G	1	0.00017916897543566725	0.017916897543566724	55
AGT	A	G	T	1	0.0001563772200527204	0.01563772200527204	56
CCG	C	C	G	1	0.0001232163685706173	0.01232163685706173	57
CCT	C	C	T	1	0.00010754147567956446	0.010754147567956446	58
GCG	G	C	G	1	9.720564262517753e-05	0.009720564262517753	59
GCT	G	C	T	1	8.48394071256062e-05	0.00848394071256062	60
CGG	C	G	G	1	5.520461813688801e-05	0.005520461813688801	61
CGT	C	G	T	1	4.818138041439443e-05	0.004818138041439443	62
GGG	G	G	G	1	4.35504096771463e-05	0.00435504096771463	63
GGT	G	G	T	1	3.8009786416254994e-05	0.0038009786416254993	64
