accession	exit_code	raw_arrays	repeat_units	status
GCF_008802875.1	0	0	0	complete
GCF_041879335.1	0	0	0	complete
GCF_020149955.1	0	0	0	complete
GCF_041695445.1	0	0	0	complete
GCF_024925505.1	0	0	0	complete
GCF_025857215.1	0	0	0	complete
GCF_023546985.1	0	0	0	complete
GCF_060059705.1	0	0	0	complete
GCF_024734115.1	0	0	0	complete
GCF_059147195.1	0	0	0	complete
GCF_040374035.1	0	0	0	complete
GCF_002310315.1	0	0	0	complete
GCF_006489255.1	0	0	0	complete
GCF_051861845.1	0	0	0	complete
GCF_052146075.1	0	0	0	complete
GCF_032254155.1	0	0	0	complete
GCF_979889575.1	0	0	0	complete
GCF_059703905.1	0	0	0	complete
GCF_002688525.1	0	0	0	complete
GCF_019880485.1	0	1	18	complete
GCF_041200205.1	0	0	0	complete
GCF_009914135.1	0	0	0	complete
GCF_040712145.1	0	0	0	complete
GCF_012647845.1	0	0	0	complete
