accession	analysis_complete	crispr_detected	confident_cas_operon	putative_rows
GCF_002142595.1	1	0	0	75
GCF_004119775.1	1	0	0	81
GCF_004119875.1	1	0	0	80
GCF_006165085.1	1	0	0	82
GCF_009913595.1	1	0	0	82
GCF_022453545.1	1	0	0	80
GCF_022647025.1	1	0	0	75
GCF_022700895.1	1	0	0	81
GCF_023521635.1	1	0	0	78
GCF_025161015.1	1	0	0	86
GCF_030123145.1	1	0	0	84
GCF_031326005.1	1	0	0	80
GCF_032598945.1	1	0	0	82
GCF_046529445.1	1	0	0	78
GCF_052827765.1	1	0	0	81
GCF_053786015.1	1	0	0	81
GCF_054489665.1	1	0	0	81
GCF_055698885.1	1	0	0	79
GCF_056784195.1	1	0	0	84
GCF_058091695.1	1	0	0	78
GCF_059772135.1	1	0	0	82
GCF_905310975.2	1	0	0	83
GCF_905315055.2	1	0	0	76
GCF_982525055.1	1	0	0	79
