accession	exit_code	arrays	repeat_units	status
GCF_022700895.1	0	0	0	complete
GCF_058091695.1	0	0	0	complete
GCF_054489665.1	0	0	0	complete
GCF_031326005.1	0	0	0	complete
GCF_009913595.1	0	0	0	complete
GCF_022647025.1	0	0	0	complete
GCF_905310975.2	0	0	0	complete
GCF_030123145.1	0	0	0	complete
GCF_059772135.1	0	0	0	complete
GCF_052827765.1	0	0	0	complete
GCF_055698885.1	0	0	0	complete
GCF_025161015.1	0	0	0	complete
GCF_982525055.1	0	0	0	complete
GCF_053786015.1	0	0	0	complete
GCF_023521635.1	0	0	0	complete
GCF_056784195.1	0	0	0	complete
GCF_002142595.1	0	0	0	complete
GCF_004119775.1	0	0	0	complete
GCF_905315055.2	0	0	0	complete
GCF_032598945.1	0	0	0	complete
GCF_004119875.1	0	0	0	complete
GCF_006165085.1	0	0	0	complete
GCF_022453545.1	0	0	0	complete
GCF_046529445.1	0	0	0	complete
