PAM_only_FPR	PAM_only_TPR	Mobile_only_FPR	Mobile_only_TPR	PAM_plus_mobile_FPR	PAM_plus_mobile_TPR	Chance_FPR	Chance_TPR
0.0	0.0	0.0	0.0	0.0	0.0	0.0	0.0
0.0046666666666666	0.2	0.086	0.2	0.002	0.1333333333333333	1.0	1.0
0.0066666666666666	0.3333333333333333	0.154	0.4	0.0046666666666666	0.5333333333333333		
0.0106666666666666	0.5333333333333333	0.2173333333333333	0.6	0.0053333333333333	0.7333333333333333		
0.0133333333333333	0.7333333333333333	0.2453333333333333	0.7333333333333333	0.0053333333333333	0.9333333333333332		
0.0173333333333333	1.0	0.2733333333333333	0.9333333333333332	0.0093333333333333	0.9333333333333332		
0.0206666666666666	1.0	0.4453333333333333	0.9333333333333332	0.012	0.9333333333333332		
0.0233333333333333	1.0	0.582	0.9333333333333332	0.0133333333333333	0.9333333333333332		
0.0253333333333333	1.0	0.696	0.9333333333333332	0.016	0.9333333333333332		
0.028	1.0	0.8013333333333333	0.9333333333333332	0.0186666666666666	0.9333333333333332		
0.0286666666666666	1.0	1.0	1.0	0.0193333333333333	0.9333333333333332		
0.0346666666666666	1.0			0.022	0.9333333333333332		
0.0413333333333333	1.0			0.024	0.9333333333333332		
0.046	1.0			0.0253333333333333	0.9333333333333332		
0.0533333333333333	1.0			0.0293333333333333	1.0		
0.056	1.0			0.0306666666666666	1.0		
0.058	1.0			0.0333333333333333	1.0		
0.0626666666666666	1.0			0.0366666666666666	1.0		
0.0666666666666666	1.0			0.042	1.0		
0.0693333333333333	1.0			0.0426666666666666	1.0		
0.0713333333333333	1.0			0.044	1.0		
0.0753333333333333	1.0			0.0446666666666666	1.0		
0.082	1.0			0.046	1.0		
0.086	1.0			0.0513333333333333	1.0		
0.0893333333333333	1.0			0.052	1.0		
0.0913333333333333	1.0			0.0546666666666666	1.0		
0.0946666666666666	1.0			0.058	1.0		
0.0966666666666666	1.0			0.06	1.0		
0.1006666666666666	1.0			0.0626666666666666	1.0		
0.1026666666666666	1.0			0.0633333333333333	1.0		
0.1086666666666666	1.0			0.066	1.0		
0.1113333333333333	1.0			0.068	1.0		
0.1153333333333333	1.0			0.0693333333333333	1.0		
0.116	1.0			0.072	1.0		
0.1186666666666666	1.0			0.0753333333333333	1.0		
0.1226666666666666	1.0			0.0766666666666666	1.0		
0.1246666666666666	1.0			0.0773333333333333	1.0		
0.134	1.0			0.0786666666666666	1.0		
0.142	1.0			0.08	1.0		
0.1486666666666666	1.0			0.0826666666666666	1.0		
0.154	1.0			0.0846666666666666	1.0		
0.16	1.0			0.0853333333333333	1.0		
0.1646666666666666	1.0			0.088	1.0		
0.17	1.0			0.09	1.0		
0.1766666666666666	1.0			0.0906666666666666	1.0		
0.178	1.0			0.0966666666666666	1.0		
0.1813333333333333	1.0			0.0993333333333333	1.0		
0.184	1.0			0.102	1.0		
0.1873333333333333	1.0			0.1046666666666666	1.0		
0.1913333333333333	1.0			0.1053333333333333	1.0		
0.196	1.0			0.1093333333333333	1.0		
0.2	1.0			0.1113333333333333	1.0		
0.2073333333333333	1.0			0.114	1.0		
0.2106666666666666	1.0			0.118	1.0		
0.2113333333333333	1.0			0.1213333333333333	1.0		
0.2146666666666666	1.0			0.1233333333333333	1.0		
0.2186666666666666	1.0			0.1246666666666666	1.0		
0.2213333333333333	1.0			0.1273333333333333	1.0		
0.2253333333333333	1.0			0.128	1.0		
0.2286666666666666	1.0			0.1293333333333333	1.0		
0.2313333333333333	1.0			0.134	1.0		
0.2446666666666666	1.0			0.1373333333333333	1.0		
0.2473333333333333	1.0			0.1386666666666666	1.0		
0.2493333333333333	1.0			0.14	1.0		
0.25	1.0			0.142	1.0		
0.252	1.0			0.1426666666666666	1.0		
0.2546666666666666	1.0			0.1453333333333333	1.0		
0.26	1.0			0.1466666666666666	1.0		
0.2646666666666666	1.0			0.1493333333333333	1.0		
0.266	1.0			0.1513333333333333	1.0		
0.2726666666666666	1.0			0.1526666666666666	1.0		
0.278	1.0			0.156	1.0		
0.282	1.0			0.1573333333333333	1.0		
0.2833333333333333	1.0			0.16	1.0		
0.286	1.0			0.162	1.0		
0.288	1.0			0.1673333333333333	1.0		
0.2913333333333333	1.0			0.1706666666666666	1.0		
0.294	1.0			0.172	1.0		
0.2953333333333333	1.0			0.1766666666666666	1.0		
0.2993333333333333	1.0			0.178	1.0		
0.306	1.0			0.1813333333333333	1.0		
0.3066666666666666	1.0			0.186	1.0		
0.308	1.0			0.188	1.0		
0.3106666666666666	1.0			0.1886666666666666	1.0		
0.3166666666666666	1.0			0.1926666666666666	1.0		
0.318	1.0			0.1953333333333333	1.0		
0.3226666666666666	1.0			0.1973333333333333	1.0		
0.3286666666666666	1.0			0.1986666666666666	1.0		
0.3313333333333333	1.0			0.2026666666666666	1.0		
0.3346666666666666	1.0			0.2033333333333333	1.0		
0.34	1.0			0.206	1.0		
0.3406666666666667	1.0			0.2073333333333333	1.0		
0.3426666666666667	1.0			0.2113333333333333	1.0		
0.344	1.0			0.2133333333333333	1.0		
0.348	1.0			0.216	1.0		
0.3513333333333333	1.0			0.2173333333333333	1.0		
0.3553333333333333	1.0			0.218	1.0		
0.3586666666666667	1.0			0.22	1.0		
0.3613333333333333	1.0			0.2226666666666666	1.0		
0.3693333333333333	1.0			0.2246666666666666	1.0		
0.374	1.0			0.2253333333333333	1.0		
0.378	1.0			0.2266666666666666	1.0		
0.3806666666666666	1.0			0.2286666666666666	1.0		
0.3873333333333333	1.0			0.2333333333333333	1.0		
0.394	1.0			0.2373333333333333	1.0		
0.396	1.0			0.2386666666666666	1.0		
0.4006666666666666	1.0			0.2413333333333333	1.0		
0.4026666666666667	1.0			0.2433333333333333	1.0		
0.4093333333333333	1.0			0.246	1.0		
0.4173333333333333	1.0			0.2493333333333333	1.0		
0.4213333333333333	1.0			0.2506666666666666	1.0		
0.422	1.0			0.2566666666666666	1.0		
0.424	1.0			0.26	1.0		
0.4286666666666666	1.0			0.2613333333333333	1.0		
0.4326666666666666	1.0			0.264	1.0		
0.4353333333333333	1.0			0.2666666666666666	1.0		
0.444	1.0			0.27	1.0		
0.4466666666666666	1.0			0.2706666666666666	1.0		
0.448	1.0			0.2773333333333333	1.0		
0.4506666666666666	1.0			0.28	1.0		
0.454	1.0			0.2853333333333333	1.0		
0.4546666666666666	1.0			0.286	1.0		
0.4573333333333333	1.0			0.2873333333333333	1.0		
0.4606666666666666	1.0			0.2913333333333333	1.0		
0.4633333333333333	1.0			0.2966666666666667	1.0		
0.464	1.0			0.2986666666666667	1.0		
0.4706666666666667	1.0			0.3013333333333333	1.0		
0.4766666666666667	1.0			0.304	1.0		
0.4813333333333333	1.0			0.3046666666666666	1.0		
0.484	1.0			0.3086666666666666	1.0		
0.488	1.0			0.3113333333333333	1.0		
0.4913333333333333	1.0			0.314	1.0		
0.4926666666666666	1.0			0.3153333333333333	1.0		
0.498	1.0			0.3173333333333333	1.0		
0.504	1.0			0.3206666666666666	1.0		
0.508	1.0			0.3246666666666666	1.0		
0.5166666666666667	1.0			0.3266666666666666	1.0		
0.5193333333333333	1.0			0.3273333333333333	1.0		
0.5253333333333333	1.0			0.3293333333333333	1.0		
0.5266666666666666	1.0			0.33	1.0		
0.5286666666666666	1.0			0.3313333333333333	1.0		
0.5313333333333333	1.0			0.3373333333333333	1.0		
0.5386666666666666	1.0			0.3386666666666666	1.0		
0.544	1.0			0.34	1.0		
0.5473333333333333	1.0			0.344	1.0		
0.5486666666666666	1.0			0.3446666666666667	1.0		
0.5566666666666666	1.0			0.346	1.0		
0.5613333333333334	1.0			0.3466666666666667	1.0		
0.5633333333333334	1.0			0.3486666666666667	1.0		
0.564	1.0			0.3513333333333333	1.0		
0.5673333333333334	1.0			0.3526666666666667	1.0		
0.57	1.0			0.3553333333333333	1.0		
0.5713333333333334	1.0			0.3566666666666667	1.0		
0.572	1.0			0.3593333333333333	1.0		
0.5813333333333334	1.0			0.3633333333333333	1.0		
0.5846666666666667	1.0			0.364	1.0		
0.5873333333333334	1.0			0.3666666666666666	1.0		
0.5913333333333334	1.0			0.368	1.0		
0.592	1.0			0.3686666666666666	1.0		
0.5953333333333334	1.0			0.3706666666666666	1.0		
0.5966666666666667	1.0			0.3713333333333333	1.0		
0.6	1.0			0.374	1.0		
0.6006666666666667	1.0			0.3753333333333333	1.0		
0.604	1.0			0.376	1.0		
0.606	1.0			0.3793333333333333	1.0		
0.6066666666666667	1.0			0.38	1.0		
0.6106666666666667	1.0			0.3826666666666666	1.0		
0.6153333333333333	1.0			0.3846666666666666	1.0		
0.6226666666666667	1.0			0.3893333333333333	1.0		
0.6253333333333333	1.0			0.39	1.0		
0.632	1.0			0.3953333333333333	1.0		
0.6346666666666667	1.0			0.396	1.0		
0.638	1.0			0.398	1.0		
0.644	1.0			0.4006666666666666	1.0		
0.6506666666666666	1.0			0.4013333333333333	1.0		
0.6586666666666666	1.0			0.4053333333333333	1.0		
0.6613333333333333	1.0			0.4086666666666667	1.0		
0.6646666666666666	1.0			0.414	1.0		
0.67	1.0			0.4146666666666667	1.0		
0.674	1.0			0.418	1.0		
0.6746666666666666	1.0			0.4193333333333333	1.0		
0.6793333333333333	1.0			0.42	1.0		
0.6813333333333333	1.0			0.4213333333333333	1.0		
0.6893333333333334	1.0			0.4233333333333333	1.0		
0.6946666666666667	1.0			0.4273333333333333	1.0		
0.7006666666666667	1.0			0.428	1.0		
0.702	1.0			0.43	1.0		
0.706	1.0			0.4326666666666666	1.0		
0.7106666666666667	1.0			0.434	1.0		
0.7133333333333334	1.0			0.436	1.0		
0.7206666666666667	1.0			0.4373333333333333	1.0		
0.7246666666666667	1.0			0.4433333333333333	1.0		
0.7273333333333334	1.0			0.444	1.0		
0.7366666666666667	1.0			0.4486666666666666	1.0		
0.742	1.0			0.4493333333333333	1.0		
0.7466666666666667	1.0			0.4513333333333333	1.0		
0.752	1.0			0.454	1.0		
0.756	1.0			0.4573333333333333	1.0		
0.7606666666666667	1.0			0.4586666666666666	1.0		
0.7726666666666666	1.0			0.4626666666666666	1.0		
0.7746666666666666	1.0			0.464	1.0		
0.778	1.0			0.468	1.0		
0.786	1.0			0.4686666666666667	1.0		
0.7873333333333333	1.0			0.4713333333333333	1.0		
0.79	1.0			0.4746666666666667	1.0		
0.7966666666666666	1.0			0.4753333333333333	1.0		
0.798	1.0			0.482	1.0		
0.802	1.0			0.484	1.0		
0.8053333333333333	1.0			0.4853333333333333	1.0		
0.8073333333333333	1.0			0.4906666666666666	1.0		
0.8113333333333334	1.0			0.4933333333333333	1.0		
0.8213333333333334	1.0			0.494	1.0		
0.824	1.0			0.4973333333333333	1.0		
0.828	1.0			0.5	1.0		
0.8346666666666667	1.0			0.504	1.0		
0.8353333333333334	1.0			0.5066666666666667	1.0		
0.8413333333333334	1.0			0.5133333333333333	1.0		
0.842	1.0			0.514	1.0		
0.8453333333333334	1.0			0.516	1.0		
0.8466666666666667	1.0			0.5186666666666667	1.0		
0.852	1.0			0.526	1.0		
0.8533333333333334	1.0			0.53	1.0		
0.854	1.0			0.5313333333333333	1.0		
0.8566666666666667	1.0			0.5366666666666666	1.0		
0.86	1.0			0.5373333333333333	1.0		
0.8646666666666667	1.0			0.5453333333333333	1.0		
0.8706666666666667	1.0			0.5493333333333333	1.0		
0.872	1.0			0.552	1.0		
0.8726666666666667	1.0			0.5533333333333333	1.0		
0.8746666666666667	1.0			0.5546666666666666	1.0		
0.8773333333333333	1.0			0.558	1.0		
0.8793333333333333	1.0			0.5593333333333333	1.0		
0.8826666666666667	1.0			0.562	1.0		
0.884	1.0			0.564	1.0		
0.886	1.0			0.5666666666666667	1.0		
0.8926666666666667	1.0			0.5673333333333334	1.0		
0.8946666666666667	1.0			0.5726666666666667	1.0		
0.8993333333333333	1.0			0.5773333333333334	1.0		
0.9013333333333332	1.0			0.5793333333333334	1.0		
0.9046666666666666	1.0			0.5806666666666667	1.0		
0.9073333333333332	1.0			0.5826666666666667	1.0		
0.9126666666666666	1.0			0.584	1.0		
0.9166666666666666	1.0			0.5893333333333334	1.0		
0.9186666666666666	1.0			0.5933333333333334	1.0		
0.924	1.0			0.594	1.0		
0.926	1.0			0.596	1.0		
0.9293333333333332	1.0			0.5993333333333334	1.0		
0.9306666666666666	1.0			0.6006666666666667	1.0		
0.9353333333333332	1.0			0.6013333333333334	1.0		
0.9373333333333334	1.0			0.6033333333333334	1.0		
0.9406666666666668	1.0			0.6073333333333333	1.0		
0.946	1.0			0.608	1.0		
0.9473333333333334	1.0			0.6153333333333333	1.0		
0.95	1.0			0.616	1.0		
0.9526666666666668	1.0			0.6173333333333333	1.0		
0.9546666666666668	1.0			0.6193333333333333	1.0		
0.9573333333333334	1.0			0.6206666666666667	1.0		
0.958	1.0			0.6233333333333333	1.0		
0.9613333333333334	1.0			0.624	1.0		
0.964	1.0			0.6253333333333333	1.0		
0.9713333333333334	1.0			0.6273333333333333	1.0		
0.972	1.0			0.6286666666666667	1.0		
0.9773333333333334	1.0			0.6313333333333333	1.0		
0.9806666666666668	1.0			0.6333333333333333	1.0		
0.9813333333333332	1.0			0.638	1.0		
0.986	1.0			0.6393333333333333	1.0		
0.988	1.0			0.6413333333333333	1.0		
0.9893333333333332	1.0			0.6446666666666667	1.0		
0.9933333333333332	1.0			0.6466666666666666	1.0		
0.9946666666666668	1.0			0.648	1.0		
0.9973333333333332	1.0			0.6486666666666666	1.0		
1.0	1.0			0.6506666666666666	1.0		
				0.654	1.0		
				0.6566666666666666	1.0		
				0.6586666666666666	1.0		
				0.6593333333333333	1.0		
				0.6606666666666666	1.0		
				0.6633333333333333	1.0		
				0.6653333333333333	1.0		
				0.666	1.0		
				0.6673333333333333	1.0		
				0.6693333333333333	1.0		
				0.6733333333333333	1.0		
				0.674	1.0		
				0.676	1.0		
				0.6793333333333333	1.0		
				0.6846666666666666	1.0		
				0.6873333333333334	1.0		
				0.6893333333333334	1.0		
				0.69	1.0		
				0.694	1.0		
				0.6973333333333334	1.0		
				0.7	1.0		
				0.702	1.0		
				0.7053333333333334	1.0		
				0.706	1.0		
				0.7113333333333334	1.0		
				0.714	1.0		
				0.7193333333333334	1.0		
				0.7206666666666667	1.0		
				0.7233333333333334	1.0		
				0.7246666666666667	1.0		
				0.728	1.0		
				0.7286666666666667	1.0		
				0.7313333333333333	1.0		
				0.7333333333333333	1.0		
				0.736	1.0		
				0.7393333333333333	1.0		
				0.7406666666666667	1.0		
				0.742	1.0		
				0.7473333333333333	1.0		
				0.75	1.0		
				0.754	1.0		
				0.7573333333333333	1.0		
				0.764	1.0		
				0.7653333333333333	1.0		
				0.766	1.0		
				0.77	1.0		
				0.7713333333333333	1.0		
				0.778	1.0		
				0.7793333333333333	1.0		
				0.782	1.0		
				0.7853333333333333	1.0		
				0.7866666666666666	1.0		
				0.79	1.0		
				0.7933333333333333	1.0		
				0.796	1.0		
				0.7973333333333333	1.0		
				0.7993333333333333	1.0		
				0.8006666666666666	1.0		
				0.8026666666666666	1.0		
				0.8053333333333333	1.0		
				0.8093333333333333	1.0		
				0.8113333333333334	1.0		
				0.812	1.0		
				0.8153333333333334	1.0		
				0.8173333333333334	1.0		
				0.8206666666666667	1.0		
				0.822	1.0		
				0.8246666666666667	1.0		
				0.8266666666666667	1.0		
				0.828	1.0		
				0.8313333333333334	1.0		
				0.832	1.0		
				0.834	1.0		
				0.8346666666666667	1.0		
				0.8386666666666667	1.0		
				0.8393333333333334	1.0		
				0.8406666666666667	1.0		
				0.8446666666666667	1.0		
				0.846	1.0		
				0.8486666666666667	1.0		
				0.85	1.0		
				0.8506666666666667	1.0		
				0.854	1.0		
				0.8566666666666667	1.0		
				0.86	1.0		
				0.864	1.0		
				0.8666666666666667	1.0		
				0.8693333333333333	1.0		
				0.8713333333333333	1.0		
				0.8726666666666667	1.0		
				0.8766666666666667	1.0		
				0.878	1.0		
				0.88	1.0		
				0.8833333333333333	1.0		
				0.8846666666666667	1.0		
				0.8873333333333333	1.0		
				0.89	1.0		
				0.8906666666666667	1.0		
				0.8933333333333333	1.0		
				0.8973333333333333	1.0		
				0.9	1.0		
				0.9013333333333332	1.0		
				0.9026666666666666	1.0		
				0.904	1.0		
				0.91	1.0		
				0.9113333333333332	1.0		
				0.9133333333333332	1.0		
				0.914	1.0		
				0.9166666666666666	1.0		
				0.9173333333333332	1.0		
				0.9186666666666666	1.0		
				0.9213333333333332	1.0		
				0.9226666666666666	1.0		
				0.926	1.0		
				0.928	1.0		
				0.9293333333333332	1.0		
				0.934	1.0		
				0.9353333333333332	1.0		
				0.936	1.0		
				0.9373333333333334	1.0		
				0.9393333333333334	1.0		
				0.9486666666666668	1.0		
				0.9493333333333334	1.0		
				0.9526666666666668	1.0		
				0.954	1.0		
				0.9573333333333334	1.0		
				0.958	1.0		
				0.9606666666666668	1.0		
				0.9666666666666668	1.0		
				0.9686666666666668	1.0		
				0.972	1.0		
				0.974	1.0		
				0.9773333333333334	1.0		
				0.9833333333333332	1.0		
				0.986	1.0		
				0.9893333333333332	1.0		
				0.9906666666666668	1.0		
				0.996	1.0		
				1.0	1.0		
