model	point	recall	precision	threshold
pam_only	1	1.0	0.009900990099009901	7.781578918261652e-06
pam_only	2	1.0	0.00991407799074686	8.111926228488683e-06
pam_only	3	1.0	0.009927200529450696	8.375400756044064e-06
pam_only	4	1.0	0.009953550099535502	8.730957054855969e-06
pam_only	5	1.0	0.009966777408637873	1.0030199685553295e-05
pam_only	6	1.0	0.01000667111407605	1.0201349380705014e-05
pam_only	7	1.0	0.01002004008016032	1.0351301857650302e-05
pam_only	8	1.0	0.010040160642570281	1.0590646715547165e-05
pam_only	9	1.0	0.010087424344317418	1.06352604118675e-05
pam_only	10	1.0	0.010094212651413189	1.0648188404050062e-05
pam_only	11	1.0	0.01012829169480081	1.0746321520991802e-05
pam_only	12	1.0	0.010183299389002037	1.1086752230674396e-05
pam_only	13	1.0	0.010190217391304348	1.1336431092683872e-05
pam_only	14	1.0	0.01026694045174538	1.144684769404714e-05
pam_only	15	1.0	0.01028101439342015	1.1932792890716076e-05
pam_only	16	1.0	0.01029512697323267	1.1992268693259457e-05
pam_only	17	1.0	0.010330578512396695	1.2034899421114118e-05
pam_only	18	1.0	0.010337698139214336	1.2342921777174434e-05
pam_only	19	1.0	0.010366275051831375	1.2382015376323842e-05
pam_only	20	1.0	0.01038781163434903	1.2520874580819357e-05
pam_only	21	1.0	0.010402219140083218	1.265915594441501e-05
pam_only	22	1.0	0.010416666666666666	1.2845235940780846e-05
pam_only	23	1.0	0.010445682451253482	1.2886983864112808e-05
pam_only	24	1.0	0.010460251046025104	1.314224528012328e-05
pam_only	25	1.0	0.010518934081346423	1.3144904147213025e-05
pam_only	26	1.0	0.01055594651653765	1.333542622883122e-05
pam_only	27	1.0	0.010578279266572637	1.3994519103404412e-05
pam_only	28	1.0	0.010630758327427357	1.48567570248632e-05
pam_only	29	1.0	0.0106458481192335	1.565727124882104e-05
pam_only	30	1.0	0.010683760683760684	1.5701570705957123e-05
pam_only	31	1.0	0.010706638115631691	1.6160681764179932e-05
pam_only	32	1.0	0.010768126346015794	1.617305265028889e-05
pam_only	33	1.0	0.01079136690647482	1.6393675826929034e-05
pam_only	34	1.0	0.01083815028901734	1.6873023570952318e-05
pam_only	35	1.0	0.010901162790697675	1.7004079463542807e-05
pam_only	36	1.0	0.010932944606413994	1.7564226605127556e-05
pam_only	37	1.0	0.010972933430870519	1.793884335852349e-05
pam_only	38	1.0	0.010997067448680353	1.852978285334881e-05
pam_only	39	1.0	0.01105379513633014	1.94819041734131e-05
pam_only	40	1.0	0.011078286558345642	2.012367399269124e-05
pam_only	41	1.0	0.011160714285714286	3.008897904435614e-05
pam_only	42	1.0	0.011185682326621925	3.136630107028018e-05
pam_only	43	1.0	0.011194029850746268	3.706388543285716e-05
pam_only	44	1.0	0.011202389843166542	3.847825414904109e-05
pam_only	45	1.0	0.011244377811094454	4.1122953733564506e-05
pam_only	46	1.0	0.011269722013523666	4.15211571026983e-05
pam_only	47	1.0	0.011303692539562924	4.286866435707837e-05
pam_only	48	1.0	0.011329305135951661	4.392312711134235e-05
pam_only	49	1.0	0.011337868480725623	4.407930645508686e-05
pam_only	50	1.0	0.011355034065102196	4.5859145234893965e-05
pam_only	51	1.0	0.011380880121396054	4.5993373174754205e-05
pam_only	52	1.0	0.011406844106463879	4.6928258733714814e-05
pam_only	53	1.0	0.011432926829268292	4.774847748571568e-05
pam_only	54	1.0	0.011494252873563218	4.89554363719169e-05
pam_only	55	1.0	0.011538461538461539	4.981952703942434e-05
pam_only	56	1.0	0.011574074074074073	5.269112024746889e-05
pam_only	57	1.0	0.011583011583011582	5.750832408522269e-05
pam_only	58	1.0	0.01160092807424594	6.0043106686822646e-05
pam_only	59	1.0	0.011636927851047323	6.048819588947181e-05
pam_only	60	1.0	0.011673151750972763	6.136625580375662e-05
pam_only	61	1.0	0.011691348402182385	6.247617451458696e-05
pam_only	62	1.0	0.011737089201877934	6.305592862293063e-05
pam_only	63	1.0	0.011746280344557557	6.338768587779199e-05
pam_only	64	1.0	0.011773940345368918	6.33944804985344e-05
pam_only	65	1.0	0.011801730920535013	6.510386249978533e-05
pam_only	66	1.0	0.011829652996845425	6.690749504242185e-05
pam_only	67	1.0	0.011838989739542225	6.786751765524691e-05
pam_only	68	1.0	0.011885895404120444	6.89262365672472e-05
pam_only	69	1.0	0.011933174224343675	7.030805690486522e-05
pam_only	70	1.0	0.011961722488038277	7.201296318343473e-05
pam_only	71	1.0	0.011990407673860911	7.262401224607109e-05
pam_only	72	1.0	0.012028869286287089	7.301683681384282e-05
pam_only	73	1.0	0.012077294685990338	7.46008821798942e-05
pam_only	74	1.0	0.012126111560226353	7.528305697004098e-05
pam_only	75	1.0	0.012175324675324676	7.678206610613341e-05
pam_only	76	1.0	0.012234910277324634	7.751530798189138e-05
pam_only	77	1.0	0.012264922322158627	7.752755498556613e-05
pam_only	78	1.0	0.012315270935960592	7.866707626437072e-05
pam_only	79	1.0	0.012376237623762377	7.991725586433018e-05
pam_only	80	1.0	0.012396694214876033	8.198470565773044e-05
pam_only	81	1.0	0.012448132780082987	8.225386737535767e-05
pam_only	82	1.0	0.0125	8.318973390989177e-05
pam_only	83	1.0	0.01254180602006689	8.343966993500919e-05
pam_only	84	1.0	0.01256281407035176	8.508643517570471e-05
pam_only	85	1.0	0.012626262626262626	8.511312011576603e-05
pam_only	86	1.0	0.012690355329949238	8.587926053720116e-05
pam_only	87	1.0	0.012744265080713678	8.636412648264483e-05
pam_only	88	1.0	0.012776831345826235	9.013601645565627e-05
pam_only	89	1.0	0.012842465753424657	9.465495152255884e-05
pam_only	90	1.0	0.012908777969018933	9.568907680932976e-05
pam_only	91	1.0	0.012975778546712802	9.767362396569207e-05
pam_only	92	1.0	0.013054830287206266	9.968199847077048e-05
pam_only	93	1.0	0.013123359580052493	0.0001005293419247
pam_only	94	1.0	0.013169446883230905	0.0001027962889941
pam_only	95	1.0	0.013215859030837005	0.0001029654351328
pam_only	96	1.0	0.013297872340425532	0.0001082556688952
pam_only	97	1.0	0.013392857142857142	0.0001084467896641
pam_only	98	1.0	0.013477088948787063	0.000111821483078
pam_only	99	1.0	0.013562386980108499	0.000117774232896
pam_only	100	1.0	0.013611615245009074	0.00018927331704
pam_only	101	1.0	0.013636363636363636	0.0002269592953629
pam_only	102	1.0	0.01366120218579235	0.000233853967464
pam_only	103	1.0	0.013686131386861315	0.0002437793082955
pam_only	104	1.0	0.013824884792626729	0.0002524126236529
pam_only	105	1.0	0.013850415512465374	0.0002586669192934
pam_only	106	1.0	0.013876040703052728	0.0002731891656712
pam_only	107	1.0	0.013966480446927373	0.0002816257897265
pam_only	108	1.0	0.014044943820224719	0.0002852752770095
pam_only	109	1.0	0.014071294559099437	0.0002926536364787
pam_only	110	1.0	0.014191106906338695	0.0002978132941237
pam_only	111	1.0	0.014299332697807437	0.0003022017727875
pam_only	112	1.0	0.01446480231436837	0.0003055497037322
pam_only	113	1.0	0.014506769825918761	0.0003091748601046
pam_only	114	1.0	0.014605647517039922	0.0003208154958962
pam_only	115	1.0	0.014619883040935672	0.000357659804397
pam_only	116	1.0	0.014705882352941176	0.0003708999206218
pam_only	117	1.0	0.014822134387351778	0.0003804369846115
pam_only	118	1.0	0.014895729890764648	0.0003905923806408
pam_only	119	1.0	0.014955134596211365	0.0004034542809835
pam_only	120	1.0	0.015136226034308779	0.0004094569536851
pam_only	121	1.0	0.015212981744421906	0.0004249253308344
pam_only	122	1.0	0.01529051987767584	0.0004438080406706
pam_only	123	1.0	0.015432098765432098	0.0004969688773458
pam_only	124	1.0	0.015511892450879007	0.0005019147126344
pam_only	125	1.0	0.01557632398753894	0.0005092888157523
pam_only	126	1.0	0.015657620041753653	0.0005114929585781
pam_only	127	1.0	0.015739769150052464	0.0005478135321219
pam_only	128	1.0	0.015806111696522657	0.0006023652630953
pam_only	129	1.0	0.015991471215351813	0.0006541465452899
pam_only	130	1.0	0.01611170784103115	0.0008377366101267
pam_only	131	1.0	0.016163793103448277	0.0008732698366743
pam_only	132	1.0	0.016216216216216217	0.0008908100439918
pam_only	133	1.0	0.016233766233766232	0.0009285923278843
pam_only	134	1.0	0.016286644951140065	0.0009399110018127
pam_only	135	1.0	0.016375545851528384	0.00095872424764
pam_only	136	1.0	0.01639344262295082	0.000997764388267
pam_only	137	1.0	0.016483516483516484	0.0009993841226419
pam_only	138	1.0	0.016519823788546256	0.0010120433633076
pam_only	139	1.0	0.016611295681063124	0.0010387173587449
pam_only	140	1.0	0.01662971175166297	0.0010506241438142
pam_only	141	1.0	0.016741071428571428	0.0010621868409666
pam_only	142	1.0	0.016816143497757848	0.0010719880689949
pam_only	143	1.0	0.016910935738444193	0.0010844537869
pam_only	144	1.0	0.017045454545454544	0.0010893667105762
pam_only	145	1.0	0.01718213058419244	0.0011053620808999
pam_only	146	1.0	0.017201834862385322	0.0011275580535051
pam_only	147	1.0	0.017241379310344827	0.0011379618010223
pam_only	148	1.0	0.017321016166281754	0.00114460524829
pam_only	149	1.0	0.017421602787456445	0.0011474962402089
pam_only	150	1.0	0.01744186046511628	0.001193138995256
pam_only	151	1.0	0.01750291715285881	0.0012555714555937
pam_only	152	1.0	0.01764705882352941	0.001295584715356
pam_only	153	1.0	0.017899761336515514	0.0013034238201904
pam_only	154	1.0	0.017942583732057416	0.0013230113932768
pam_only	155	1.0	0.018050541516245487	0.0013334174736868
pam_only	156	1.0	0.018137847642079808	0.0013526161199362
pam_only	157	1.0	0.018226002430133656	0.0013591452171399
pam_only	158	1.0	0.01847290640394089	0.0013595689505396
pam_only	159	1.0	0.018564356435643563	0.0013921119480199
pam_only	160	1.0	0.018633540372670808	0.0014038560100998
pam_only	161	1.0	0.0186799501867995	0.0014044122206734
pam_only	162	1.0	0.018891687657430732	0.0014194129264986
pam_only	163	1.0	0.0189873417721519	0.0014631972607049
pam_only	164	1.0	0.019305019305019305	0.0014694633150299
pam_only	165	1.0	0.019455252918287938	0.0015113257964377
pam_only	166	1.0	0.01968503937007874	0.001556894582444
pam_only	167	1.0	0.01989389920424403	0.001588860821947
pam_only	168	1.0	0.0199468085106383	0.0016081001144509
pam_only	169	1.0	0.020080321285140562	0.0016104805146374
pam_only	170	1.0	0.020242914979757085	0.0016411159804808
pam_only	171	1.0	0.0203527815468114	0.0018178608657571
pam_only	172	1.0	0.02054794520547945	0.0018212152764845
pam_only	173	1.0	0.020804438280166437	0.0018346953820312
pam_only	174	1.0	0.02109704641350211	0.0018532294980148
pam_only	175	1.0	0.02112676056338028	0.0018804196914547
pam_only	176	1.0	0.021246458923512748	0.0020033782359313
pam_only	177	1.0	0.021398002853067047	0.0020331104804624
pam_only	178	1.0	0.021520803443328552	0.0020924348275104
pam_only	179	1.0	0.021551724137931036	0.0021997873224162
pam_only	180	1.0	0.02170767004341534	0.0022636902394316
pam_only	181	1.0	0.021834061135371178	0.0023096184357387
pam_only	182	1.0	0.021897810218978103	0.0023324173936708
pam_only	183	1.0	0.022026431718061675	0.0023568407227961
pam_only	184	1.0	0.02245508982035928	0.002367259807211
pam_only	185	1.0	0.02252252252252252	0.0024719619007832
pam_only	186	1.0	0.022590361445783132	0.0025077924995346
pam_only	187	1.0	0.022796352583586626	0.0026452909602086
pam_only	188	1.0	0.02304147465437788	0.0026603042679485
pam_only	189	1.0	0.023148148148148147	0.0027378793613767
pam_only	190	1.0	0.023183925811437404	0.0027929896410217
pam_only	191	1.0	0.023291925465838508	0.0028721840897612
pam_only	192	1.0	0.0234009360374415	0.0034357918917995
pam_only	193	1.0	0.023622047244094488	0.003581128615686
pam_only	194	1.0	0.02384737678855326	0.0039467082923453
pam_only	195	1.0	0.024232633279483037	0.0040967046129039
pam_only	196	1.0	0.024350649350649352	0.004422870430243
pam_only	197	1.0	0.024630541871921183	0.0046940995956939
pam_only	198	1.0	0.024752475247524754	0.0047290720819408
pam_only	199	1.0	0.025167785234899327	0.0049364979011401
pam_only	200	1.0	0.025380710659898477	0.0052473214646894
pam_only	201	1.0	0.025597269624573378	0.0055781972975008
pam_only	202	1.0	0.02577319587628866	0.0056878885532775
pam_only	203	1.0	0.026041666666666668	0.0057106428089424
pam_only	204	1.0	0.026362038664323375	0.0058976562066867
pam_only	205	1.0	0.026929982046678635	0.0060013252847649
pam_only	206	1.0	0.027124773960216998	0.0061664051119425
pam_only	207	1.0	0.02737226277372263	0.0061987541464623
pam_only	208	1.0	0.027675276752767528	0.006423871400812
pam_only	209	1.0	0.027932960893854747	0.0064271473143193
pam_only	210	1.0	0.02824858757062147	0.0064755376503395
pam_only	211	1.0	0.02835538752362949	0.0064828259878654
pam_only	212	1.0	0.028517110266159697	0.0066349226252377
pam_only	213	1.0	0.02857142857142857	0.0067006960600574
pam_only	214	1.0	0.029013539651837523	0.006731795661907
pam_only	215	1.0	0.029296875	0.0067485872825933
pam_only	216	1.0	0.02952755905511811	0.0068025463898752
pam_only	217	1.0	0.03006012024048096	0.006882057151404
pam_only	218	1.0	0.03048780487804878	0.0071578795943253
pam_only	219	1.0	0.030612244897959183	0.0071832353005679
pam_only	220	1.0	0.030800821355236138	0.0072186492632589
pam_only	221	1.0	0.030991735537190084	0.0074066526175081
pam_only	222	1.0	0.031185031185031187	0.0076407413991121
pam_only	223	1.0	0.031446540880503145	0.0079907489981377
pam_only	224	1.0	0.031578947368421054	0.0080058557149673
pam_only	225	1.0	0.03164556962025317	0.0080765045608973
pam_only	226	1.0	0.032327586206896554	0.0081612964870871
pam_only	227	1.0	0.03275109170305677	0.0082380207887783
pam_only	228	1.0	0.03289473684210526	0.0082416335110959
pam_only	229	1.0	0.033185840707964605	0.0083017098007664
pam_only	230	1.0	0.03355704697986577	0.008382134710112
pam_only	231	1.0	0.033783783783783786	0.008398449100708
pam_only	232	1.0	0.03409090909090909	0.008452786790666
pam_only	233	1.0	0.03424657534246575	0.0085910553931417
pam_only	234	1.0	0.034482758620689655	0.0087815214214957
pam_only	235	1.0	0.034722222222222224	0.008871555535386
pam_only	236	1.0	0.03537735849056604	0.0089919736725026
pam_only	237	1.0	0.036231884057971016	0.0093049651853301
pam_only	238	1.0	0.03640776699029126	0.0093394718297945
pam_only	239	1.0	0.037037037037037035	0.0095297051971501
pam_only	240	1.0	0.037783375314861464	0.0096754576760229
pam_only	241	1.0	0.03816793893129771	0.0102888226870967
pam_only	242	1.0	0.038461538461538464	0.0123842374436381
pam_only	243	1.0	0.038560411311053984	0.0133167165646704
pam_only	244	1.0	0.038860103626943004	0.0133954307121848
pam_only	245	1.0	0.03926701570680628	0.0144036891746783
pam_only	246	1.0	0.03978779840848806	0.0145253650929285
pam_only	247	1.0	0.04032258064516129	0.0147030799966182
pam_only	248	1.0	0.04087193460490463	0.0149159831580957
pam_only	249	1.0	0.04143646408839779	0.0157551446704572
pam_only	250	1.0	0.041666666666666664	0.0177211637999981
pam_only	251	1.0	0.04189944134078212	0.0212301580027876
pam_only	252	1.0	0.042492917847025496	0.0236929101434579
pam_only	253	1.0	0.043227665706051875	0.0263018841539408
pam_only	254	1.0	0.043731778425655975	0.0287112934998246
pam_only	255	1.0	0.04451038575667656	0.0335590084308418
pam_only	256	1.0	0.045180722891566265	0.03939082531532
pam_only	257	1.0	0.045317220543806644	0.0399805860607523
pam_only	258	1.0	0.046012269938650305	0.0413291773235586
pam_only	259	1.0	0.047619047619047616	0.0462452757429458
pam_only	260	1.0	0.04807692307692308	0.0473741770780343
pam_only	261	1.0	0.04854368932038835	0.04749959902988
pam_only	262	1.0	0.04966887417218543	0.0497826721657019
pam_only	263	1.0	0.05067567567567568	0.0514298927754739
pam_only	264	1.0	0.05154639175257732	0.0546164003358818
pam_only	265	1.0	0.05226480836236934	0.0570476754208636
pam_only	266	1.0	0.05319148936170213	0.0876466992170203
pam_only	267	1.0	0.05357142857142857	0.0910288443420399
pam_only	268	1.0	0.05454545454545454	0.0914503961801034
pam_only	269	1.0	0.05555555555555555	0.0965410038819652
pam_only	270	1.0	0.05725190839694656	0.0977163766752528
pam_only	271	1.0	0.058823529411764705	0.1010685182582275
pam_only	272	1.0	0.06097560975609756	0.1011065384196013
pam_only	273	1.0	0.06302521008403361	0.1050948797389504
pam_only	274	1.0	0.06578947368421052	0.1129809926218417
pam_only	275	1.0	0.06944444444444445	0.1162701264810085
pam_only	276	1.0	0.07425742574257425	0.148067868849074
pam_only	277	1.0	0.07537688442211055	0.1501217845180265
pam_only	278	1.0	0.07772020725388601	0.1556757230748792
pam_only	279	1.0	0.07936507936507936	0.1559922254618407
pam_only	280	1.0	0.0797872340425532	0.1584508440275208
pam_only	281	1.0	0.08241758241758242	0.1656108728006364
pam_only	282	1.0	0.08333333333333333	0.1659211483874843
pam_only	283	1.0	0.08426966292134831	0.1675152646093609
pam_only	284	1.0	0.08875739644970414	0.1676371648692024
pam_only	285	1.0	0.09036144578313253	0.1754653342720407
pam_only	286	1.0	0.09146341463414634	0.1767995998611378
pam_only	287	1.0	0.09259259259259259	0.1780715009186042
pam_only	288	1.0	0.09375	0.1805813781310985
pam_only	289	1.0	0.09554140127388536	0.1848853885503273
pam_only	290	1.0	0.09868421052631579	0.1861992391073344
pam_only	291	1.0	0.10067114093959731	0.1873525606098146
pam_only	292	1.0	0.10416666666666667	0.1878343435404374
pam_only	293	1.0	0.10869565217391304	0.1904715555496123
pam_only	294	1.0	0.11278195488721804	0.191945566806141
pam_only	295	1.0	0.1171875	0.2095672491039929
pam_only	296	1.0	0.12295081967213115	0.3767135734751678
pam_only	297	1.0	0.12605042016806722	0.3796627743581386
pam_only	298	1.0	0.13043478260869565	0.3987821206667845
pam_only	299	1.0	0.13761467889908258	0.4116770266009463
pam_only	300	1.0	0.14705882352941177	0.4167976075871101
pam_only	301	1.0	0.15151515151515152	0.418992886063613
pam_only	302	1.0	0.15789473684210525	0.4350527572111645
pam_only	303	1.0	0.17857142857142858	0.4466531180990305
pam_only	304	1.0	0.19480519480519481	0.4592163460195063
pam_only	305	1.0	0.22388059701492538	0.4706466180366587
pam_only	306	1.0	0.25862068965517243	0.5406976040646317
pam_only	307	1.0	0.2631578947368421	0.561633282725487
pam_only	308	1.0	0.2830188679245283	0.5746638731357668
pam_only	309	1.0	0.3	0.5781912101785173
pam_only	310	1.0	0.32608695652173914	0.5970823889256139
pam_only	311	1.0	0.36585365853658536	0.9495761765401584
pam_only	312	0.7333333333333333	0.3548387096774194	0.9502679051437448
pam_only	313	0.5333333333333333	0.3333333333333333	0.9517152484144368
pam_only	314	0.3333333333333333	0.3333333333333333	0.9521849682824212
pam_only	315	0.2	0.3	0.9527064190917072
pam_only	316	0.0	1.0	
mobile_only	1	1.0	0.009900990099009901	0.0220444406881155
mobile_only	2	0.9333333333333333	0.011513157894736841	0.1072557520292522
mobile_only	3	0.9333333333333333	0.013232514177693762	0.1088988123471283
mobile_only	4	0.9333333333333333	0.015783540022547914	0.1122966240409371
mobile_only	5	0.9333333333333333	0.020527859237536656	0.1181186964999882
mobile_only	6	0.9333333333333333	0.0330188679245283	0.7451596719603985
mobile_only	7	0.7333333333333333	0.029023746701846966	0.7611661854598204
mobile_only	8	0.6	0.026865671641791045	0.77277883647846
mobile_only	9	0.4	0.02531645569620253	0.7741836034870528
mobile_only	10	0.2	0.022727272727272728	0.7915965403182769
mobile_only	11	0.0	1.0	
pam_plus_mobile	1	1.0	0.009900990099009901	6.2631052541321575e-06
pam_plus_mobile	2	1.0	0.00991407799074686	6.925014977557605e-06
pam_plus_mobile	3	1.0	0.009927200529450696	8.262876659336204e-06
pam_plus_mobile	4	1.0	0.009940357852882704	8.735006075630742e-06
pam_plus_mobile	5	1.0	0.009966777408637873	9.1361281997592e-06
pam_plus_mobile	6	1.0	0.009993337774816789	9.247881122375147e-06
pam_plus_mobile	7	1.0	0.01000667111407605	1.0064239194736296e-05
pam_plus_mobile	8	1.0	0.010040160642570281	1.1313131954909222e-05
pam_plus_mobile	9	1.0	0.010053619302949061	1.1854969123723242e-05
pam_plus_mobile	10	1.0	0.010067114093959731	1.1895796988160836e-05
pam_plus_mobile	11	1.0	0.010087424344317418	1.190455294063518e-05
pam_plus_mobile	12	1.0	0.010107816711590296	1.3261666326502604e-05
pam_plus_mobile	13	1.0	0.01012829169480081	1.3642007973165342e-05
pam_plus_mobile	14	1.0	0.01016260162601626	1.3648119989796894e-05
pam_plus_mobile	15	1.0	0.010183299389002037	1.3716099276434342e-05
pam_plus_mobile	16	1.0	0.010217983651226158	1.4552375800793264e-05
pam_plus_mobile	17	1.0	0.010224948875255624	1.480452878728089e-05
pam_plus_mobile	18	1.0	0.010231923601637109	1.4869929592793832e-05
pam_plus_mobile	19	1.0	0.010238907849829351	1.59777496004104e-05
pam_plus_mobile	20	1.0	0.010302197802197802	1.6996837212865588e-05
pam_plus_mobile	21	1.0	0.010330578512396695	1.8409113302078216e-05
pam_plus_mobile	22	1.0	0.010337698139214336	1.851842576672516e-05
pam_plus_mobile	23	1.0	0.01037344398340249	1.953147149668173e-05
pam_plus_mobile	24	1.0	0.01038781163434903	1.991693165142451e-05
pam_plus_mobile	25	1.0	0.010423905489923557	2.159560433625021e-05
pam_plus_mobile	26	1.0	0.01043115438108484	2.1775310109729468e-05
pam_plus_mobile	27	1.0	0.010482180293501049	2.4364752970267814e-05
pam_plus_mobile	28	1.0	0.010533707865168539	2.4750575550267752e-05
pam_plus_mobile	29	1.0	0.01055594651653765	2.5088877180156e-05
pam_plus_mobile	30	1.0	0.010570824524312896	2.54604081740712e-05
pam_plus_mobile	31	1.0	0.010578279266572637	2.5619603954413512e-05
pam_plus_mobile	32	1.0	0.01059322033898305	2.651862659566922e-05
pam_plus_mobile	33	1.0	0.0106458481192335	2.6694041911206506e-05
pam_plus_mobile	34	1.0	0.01065340909090909	2.7687408431815805e-05
pam_plus_mobile	35	1.0	0.010660980810234541	2.848146537638756e-05
pam_plus_mobile	36	1.0	0.010683760683760684	2.8892598857480167e-05
pam_plus_mobile	37	1.0	0.010721944245889922	2.951511006086058e-05
pam_plus_mobile	38	1.0	0.010737294201861132	3.13408981618768e-05
pam_plus_mobile	39	1.0	0.010768126346015794	3.3025160703364e-05
pam_plus_mobile	40	1.0	0.010783608914450037	3.598158302676744e-05
pam_plus_mobile	41	1.0	0.01079136690647482	3.696853701426901e-05
pam_plus_mobile	42	1.0	0.010822510822510822	3.791394594806053e-05
pam_plus_mobile	43	1.0	0.010830324909747292	3.941575828214292e-05
pam_plus_mobile	44	1.0	0.01085383502170767	3.9541084982391885e-05
pam_plus_mobile	45	1.0	0.010861694424330196	4.259397159531401e-05
pam_plus_mobile	46	1.0	0.010869565217391304	4.42328400048902e-05
pam_plus_mobile	47	1.0	0.010893246187363835	4.638064891674167e-05
pam_plus_mobile	48	1.0	0.010917030567685589	4.7295490948691335e-05
pam_plus_mobile	49	1.0	0.010940919037199124	4.897611415073402e-05
pam_plus_mobile	50	1.0	0.01095690284879474	5.2000419659790415e-05
pam_plus_mobile	51	1.0	0.010964912280701754	5.676946306159775e-05
pam_plus_mobile	52	1.0	0.010972933430870519	5.88994765973676e-05
pam_plus_mobile	53	1.0	0.01098901098901099	6.069580246309498e-05
pam_plus_mobile	54	1.0	0.011021307861866276	6.276874930321632e-05
pam_plus_mobile	55	1.0	0.011045655375552283	6.309676827191254e-05
pam_plus_mobile	56	1.0	0.01107011070110701	6.547175439419362e-05
pam_plus_mobile	57	1.0	0.011086474501108648	6.693954236029416e-05
pam_plus_mobile	58	1.0	0.011102886750555145	6.761989571618235e-05
pam_plus_mobile	59	1.0	0.011111111111111112	6.885924756905404e-05
pam_plus_mobile	60	1.0	0.01112759643916914	6.976466514816623e-05
pam_plus_mobile	61	1.0	0.011144130757800892	7.014930336870832e-05
pam_plus_mobile	62	1.0	0.011177347242921014	7.258424308994112e-05
pam_plus_mobile	63	1.0	0.011194029850746268	7.274880146968499e-05
pam_plus_mobile	64	1.0	0.011235955056179775	7.489439946995782e-05
pam_plus_mobile	65	1.0	0.01126126126126126	7.790912802827472e-05
pam_plus_mobile	66	1.0	0.011278195488721804	7.807348500150378e-05
pam_plus_mobile	67	1.0	0.011303692539562924	8.082338630869273e-05
pam_plus_mobile	68	1.0	0.011329305135951661	8.239093857051966e-05
pam_plus_mobile	69	1.0	0.011337868480725623	8.25506273061163e-05
pam_plus_mobile	70	1.0	0.0113464447806354	8.280893505305618e-05
pam_plus_mobile	71	1.0	0.011372251705837756	8.421671412675965e-05
pam_plus_mobile	72	1.0	0.011389521640091117	8.475372436509837e-05
pam_plus_mobile	73	1.0	0.011406844106463879	8.579693588274422e-05
pam_plus_mobile	74	1.0	0.011441647597254004	8.879261037104387e-05
pam_plus_mobile	75	1.0	0.01145912910618793	8.958230503742892e-05
pam_plus_mobile	76	1.0	0.011476664116296864	9.189336474911163e-05
pam_plus_mobile	77	1.0	0.011494252873563218	9.21665825626519e-05
pam_plus_mobile	78	1.0	0.011538461538461539	9.23452165377068e-05
pam_plus_mobile	79	1.0	0.011574074074074073	9.274591082301408e-05
pam_plus_mobile	80	1.0	0.011618900077459334	9.316550218532068e-05
pam_plus_mobile	81	1.0	0.011627906976744186	9.336536126730824e-05
pam_plus_mobile	82	1.0	0.011645962732919254	9.347706178538444e-05
pam_plus_mobile	83	1.0	0.011682242990654205	9.480968513826344e-05
pam_plus_mobile	84	1.0	0.01170046801872075	9.560124847084512e-05
pam_plus_mobile	85	1.0	0.011755485893416929	9.763810043205924e-05
pam_plus_mobile	86	1.0	0.011773940345368918	9.988457144139508e-05
pam_plus_mobile	87	1.0	0.01178318931657502	0.0001010480124243
pam_plus_mobile	88	1.0	0.011838989739542225	0.0001030223935699
pam_plus_mobile	89	1.0	0.011848341232227487	0.0001062643855528
pam_plus_mobile	90	1.0	0.011876484560570071	0.0001093117329731
pam_plus_mobile	91	1.0	0.011885895404120444	0.0001101477326086
pam_plus_mobile	92	1.0	0.011933174224343675	0.0001142137097402
pam_plus_mobile	93	1.0	0.01195219123505976	0.0001144382213155
pam_plus_mobile	94	1.0	0.011980830670926517	0.0001154999044564
pam_plus_mobile	95	1.0	0.01201923076923077	0.0001188722654451
pam_plus_mobile	96	1.0	0.012038523274478331	0.0001222811252522
pam_plus_mobile	97	1.0	0.012087026591458501	0.0001229092698134
pam_plus_mobile	98	1.0	0.012116316639741519	0.0001258385615398
pam_plus_mobile	99	1.0	0.012165450121654502	0.0001292528999188
pam_plus_mobile	100	1.0	0.012175324675324676	0.0001307112824053
pam_plus_mobile	101	1.0	0.012205044751830757	0.0001330623505674
pam_plus_mobile	102	1.0	0.012264922322158627	0.0001397467098471
pam_plus_mobile	103	1.0	0.012305168170631665	0.0001409957440283
pam_plus_mobile	104	1.0	0.012335526315789474	0.0001437540929831
pam_plus_mobile	105	1.0	0.012355848434925865	0.0001666941757889
pam_plus_mobile	106	1.0	0.012386457473162676	0.0001679761209879
pam_plus_mobile	107	1.0	0.01240694789081886	0.0001681315734042
pam_plus_mobile	108	1.0	0.012448132780082987	0.0001705158683537
pam_plus_mobile	109	1.0	0.012458471760797342	0.0001720010127217
pam_plus_mobile	110	1.0	0.012468827930174564	0.0001724780526228
pam_plus_mobile	111	1.0	0.012479201331114808	0.0001769331580708
pam_plus_mobile	112	1.0	0.012489592006661115	0.0001813597575173
pam_plus_mobile	113	1.0	0.0125	0.0001816145152761
pam_plus_mobile	114	1.0	0.012552301255230125	0.0001924068016873
pam_plus_mobile	115	1.0	0.012573344509639563	0.000197923969137
pam_plus_mobile	116	1.0	0.012626262626262626	0.0002218527662422
pam_plus_mobile	117	1.0	0.012647554806070826	0.0002258860364721
pam_plus_mobile	118	1.0	0.01266891891891892	0.0002330344500812
pam_plus_mobile	119	1.0	0.01267962806424345	0.0002387819594333
pam_plus_mobile	120	1.0	0.012690355329949238	0.0002419178235213
pam_plus_mobile	121	1.0	0.012798634812286689	0.0002459278550674
pam_plus_mobile	122	1.0	0.01282051282051282	0.0002487975797913
pam_plus_mobile	123	1.0	0.01288659793814433	0.0002674779939335
pam_plus_mobile	124	1.0	0.012897678417884782	0.0002679382838177
pam_plus_mobile	125	1.0	0.012919896640826873	0.000296828921113
pam_plus_mobile	126	1.0	0.013032145960034752	0.0002972634000638
pam_plus_mobile	127	1.0	0.013089005235602094	0.0002975184101197
pam_plus_mobile	128	1.0	0.013157894736842105	0.0003073549343493
pam_plus_mobile	129	1.0	0.013181019332161687	0.0003111830683594
pam_plus_mobile	130	1.0	0.013204225352112676	0.0003213342327021
pam_plus_mobile	131	1.0	0.013297872340425532	0.0003419833111208
pam_plus_mobile	132	1.0	0.013309671694764862	0.0003422366404366
pam_plus_mobile	133	1.0	0.013321492007104795	0.0003517226170691
pam_plus_mobile	134	1.0	0.013345195729537367	0.0003543562887267
pam_plus_mobile	135	1.0	0.013404825737265416	0.0003571732042586
pam_plus_mobile	136	1.0	0.013452914798206279	0.0003639372431127
pam_plus_mobile	137	1.0	0.013489208633093525	0.0003783921259172
pam_plus_mobile	138	1.0	0.013513513513513514	0.0003790336880468
pam_plus_mobile	139	1.0	0.013537906137184115	0.0003932073414305
pam_plus_mobile	140	1.0	0.013550135501355014	0.0003963876946974
pam_plus_mobile	141	1.0	0.013611615245009074	0.000396969058829
pam_plus_mobile	142	1.0	0.013636363636363636	0.0004001469323033
pam_plus_mobile	143	1.0	0.013686131386861315	0.0004131079896832
pam_plus_mobile	144	1.0	0.013711151736745886	0.0004285552773203
pam_plus_mobile	145	1.0	0.013812154696132596	0.000429570626067
pam_plus_mobile	146	1.0	0.013837638376383764	0.0004366878192095
pam_plus_mobile	147	1.0	0.013863216266173753	0.0004379853206131
pam_plus_mobile	148	1.0	0.013966480446927373	0.0004650711980429
pam_plus_mobile	149	1.0	0.013979496738117428	0.0004659722455984
pam_plus_mobile	150	1.0	0.014044943820224719	0.0004711636443319
pam_plus_mobile	151	1.0	0.014084507042253521	0.0004728103877507
pam_plus_mobile	152	1.0	0.01413760603204524	0.0004762179617314
pam_plus_mobile	153	1.0	0.014204545454545454	0.0004777391109304
pam_plus_mobile	154	1.0	0.014245014245014245	0.0004784031376418
pam_plus_mobile	155	1.0	0.014285714285714285	0.000495472576866
pam_plus_mobile	156	1.0	0.014299332697807437	0.0005136731818335
pam_plus_mobile	157	1.0	0.014340344168260038	0.0005204857381882
pam_plus_mobile	158	1.0	0.014367816091954023	0.0005251274903801
pam_plus_mobile	159	1.0	0.014395393474088292	0.0005356811184048
pam_plus_mobile	160	1.0	0.014450867052023121	0.0005362731020507
pam_plus_mobile	161	1.0	0.014506769825918761	0.0005447209507357
pam_plus_mobile	162	1.0	0.014577259475218658	0.0005472208008806
pam_plus_mobile	163	1.0	0.014619883040935672	0.00055066911052
pam_plus_mobile	164	1.0	0.014634146341463415	0.0005524062636317
pam_plus_mobile	165	1.0	0.01466275659824047	0.0005525016988796
pam_plus_mobile	166	1.0	0.014691478942213516	0.0005734779956562
pam_plus_mobile	167	1.0	0.014720314033366046	0.0005774355213074
pam_plus_mobile	168	1.0	0.014763779527559055	0.0005778104967372
pam_plus_mobile	169	1.0	0.014792899408284023	0.0005805932021708
pam_plus_mobile	170	1.0	0.014807502467917079	0.0005827900876741
pam_plus_mobile	171	1.0	0.01485148514851485	0.0005839700490159
pam_plus_mobile	172	1.0	0.014910536779324055	0.0005911384203341
pam_plus_mobile	173	1.0	0.014940239043824702	0.000594889945871
pam_plus_mobile	174	1.0	0.014955134596211365	0.0005997628638844
pam_plus_mobile	175	1.0	0.015	0.0005998693322346
pam_plus_mobile	176	1.0	0.015060240963855422	0.0006124900147992
pam_plus_mobile	177	1.0	0.015136226034308779	0.0006169535519531
pam_plus_mobile	178	1.0	0.015182186234817813	0.000617296507219
pam_plus_mobile	179	1.0	0.015197568389057751	0.0006211098355141
pam_plus_mobile	180	1.0	0.015228426395939087	0.0006283166756426
pam_plus_mobile	181	1.0	0.015274949083503055	0.0006349303824756
pam_plus_mobile	182	1.0	0.015353121801432957	0.0006414834948225
pam_plus_mobile	183	1.0	0.015400410677618069	0.0006481120728121
pam_plus_mobile	184	1.0	0.015432098765432098	0.0006766761497383
pam_plus_mobile	185	1.0	0.015544041450777202	0.0006831877235899
pam_plus_mobile	186	1.0	0.015592515592515593	0.0006917135092656
pam_plus_mobile	187	1.0	0.015657620041753653	0.0006926827457385
pam_plus_mobile	188	1.0	0.015690376569037656	0.0007067582733315
pam_plus_mobile	189	1.0	0.015739769150052464	0.0007300127450549
pam_plus_mobile	190	1.0	0.015772870662460567	0.0007381130247068
pam_plus_mobile	191	1.0	0.015789473684210527	0.000759266158151
pam_plus_mobile	192	1.0	0.015856236786469344	0.0007658326401571
pam_plus_mobile	193	1.0	0.015873015873015872	0.0007733907312505
pam_plus_mobile	194	1.0	0.015889830508474576	0.0007968908890665
pam_plus_mobile	195	1.0	0.015940488841657812	0.0008085975804595
pam_plus_mobile	196	1.0	0.01597444089456869	0.0008256255290868
pam_plus_mobile	197	1.0	0.015991471215351813	0.0008425690568001
pam_plus_mobile	198	1.0	0.016181229773462782	0.0008492844987584
pam_plus_mobile	199	1.0	0.016198704103671708	0.0008506756393923
pam_plus_mobile	200	1.0	0.016304347826086956	0.000864514587047
pam_plus_mobile	201	1.0	0.016357688113413305	0.0008826145535015
pam_plus_mobile	202	1.0	0.016375545851528384	0.0008928965740019
pam_plus_mobile	203	1.0	0.016411378555798686	0.0008939775651212
pam_plus_mobile	204	1.0	0.0165016501650165	0.0009079051060293
pam_plus_mobile	205	1.0	0.016556291390728478	0.0009247071679725
pam_plus_mobile	206	1.0	0.016574585635359115	0.0009388411767938
pam_plus_mobile	207	1.0	0.01668520578420467	0.0009424721404599
pam_plus_mobile	208	1.0	0.01675977653631285	0.0009430351190485
pam_plus_mobile	209	1.0	0.016835016835016835	0.0009704882079067
pam_plus_mobile	210	1.0	0.01687289088863892	0.0009721191382223
pam_plus_mobile	211	1.0	0.016930022573363433	0.0009959407690272
pam_plus_mobile	212	1.0	0.016968325791855202	0.0009982941877199
pam_plus_mobile	213	1.0	0.0170261066969353	0.0010857367923002
pam_plus_mobile	214	1.0	0.017162471395881007	0.001118982290848
pam_plus_mobile	215	1.0	0.017241379310344827	0.00114826623154
pam_plus_mobile	216	1.0	0.017321016166281754	0.0011705456235228
pam_plus_mobile	217	1.0	0.017341040462427744	0.0011889585939801
pam_plus_mobile	218	1.0	0.017421602787456445	0.0011891638709375
pam_plus_mobile	219	1.0	0.017482517482517484	0.0012342613900531
pam_plus_mobile	220	1.0	0.01756440281030445	0.001251595036925
pam_plus_mobile	221	1.0	0.017605633802816902	0.00127001754644
pam_plus_mobile	222	1.0	0.01770956316410862	0.0013446082438172
pam_plus_mobile	223	1.0	0.01775147928994083	0.0013929137376839
pam_plus_mobile	224	1.0	0.017772511848341232	0.0014328055003423
pam_plus_mobile	225	1.0	0.017793594306049824	0.0015052036619383
pam_plus_mobile	226	1.0	0.017878426698450536	0.001520570773725
pam_plus_mobile	227	1.0	0.01800720288115246	0.0015495591585823
pam_plus_mobile	228	1.0	0.018050541516245487	0.0016536404380517
pam_plus_mobile	229	1.0	0.018094089264173704	0.0016620776220221
pam_plus_mobile	230	1.0	0.018137847642079808	0.0016689579999854
pam_plus_mobile	231	1.0	0.01818181818181818	0.0016820941213471
pam_plus_mobile	232	1.0	0.018226002430133656	0.0017300588779979
pam_plus_mobile	233	1.0	0.018270401948842874	0.001758838035279
pam_plus_mobile	234	1.0	0.018292682926829267	0.0018112857760878
pam_plus_mobile	235	1.0	0.01847290640394089	0.0018180973546352
pam_plus_mobile	236	1.0	0.018495684340320593	0.0019072514938098
pam_plus_mobile	237	1.0	0.018518518518518517	0.0019495497971575
pam_plus_mobile	238	1.0	0.01858736059479554	0.0019977072301468
pam_plus_mobile	239	1.0	0.018656716417910446	0.0020167409106591
pam_plus_mobile	240	1.0	0.018915510718789406	0.0020776114777907
pam_plus_mobile	241	1.0	0.019011406844106463	0.0021026408925386
pam_plus_mobile	242	1.0	0.019083969465648856	0.0021083937843538
pam_plus_mobile	243	1.0	0.01910828025477707	0.0021491433715646
pam_plus_mobile	244	1.0	0.01935483870967742	0.0021499828916732
pam_plus_mobile	245	1.0	0.019455252918287938	0.0022071088934529
pam_plus_mobile	246	1.0	0.0196078431372549	0.0022262722196141
pam_plus_mobile	247	1.0	0.01971090670170828	0.0022343690917058
pam_plus_mobile	248	1.0	0.01984126984126984	0.0022631856334003
pam_plus_mobile	249	1.0	0.019867549668874173	0.0023206420900296
pam_plus_mobile	250	1.0	0.019973368841544607	0.002385459988223
pam_plus_mobile	251	1.0	0.020188425302826378	0.0023954423209244
pam_plus_mobile	252	1.0	0.02021563342318059	0.0023982188516476
pam_plus_mobile	253	1.0	0.020242914979757085	0.0024577348638538
pam_plus_mobile	254	1.0	0.02032520325203252	0.0024699244413106
pam_plus_mobile	255	1.0	0.020463847203274217	0.0026093311874881
pam_plus_mobile	256	1.0	0.020604395604395604	0.0026453345895286
pam_plus_mobile	257	1.0	0.02063273727647868	0.0026750578106991
pam_plus_mobile	258	1.0	0.02077562326869806	0.0026962907126278
pam_plus_mobile	259	1.0	0.020833333333333332	0.002748569183946
pam_plus_mobile	260	1.0	0.020891364902506964	0.0028136783520653
pam_plus_mobile	261	1.0	0.02092050209205021	0.002882556896059
pam_plus_mobile	262	1.0	0.02109704641350211	0.0029037360938651
pam_plus_mobile	263	1.0	0.021156558533145273	0.0029210408823842
pam_plus_mobile	264	1.0	0.021337126600284494	0.002935026931479
pam_plus_mobile	265	1.0	0.021398002853067047	0.0029378996371756
pam_plus_mobile	266	1.0	0.021551724137931036	0.0029567174996443
pam_plus_mobile	267	1.0	0.02167630057803468	0.0029690311336199
pam_plus_mobile	268	1.0	0.02177068214804064	0.0029803980636107
pam_plus_mobile	269	1.0	0.02180232558139535	0.002986193659287
pam_plus_mobile	270	1.0	0.022026431718061675	0.0029958878858553
pam_plus_mobile	271	1.0	0.022058823529411766	0.0030207260647392
pam_plus_mobile	272	1.0	0.022156573116691284	0.003093688039763
pam_plus_mobile	273	1.0	0.02225519287833828	0.0031600493793268
pam_plus_mobile	274	1.0	0.022354694485842028	0.0031886451523381
pam_plus_mobile	275	1.0	0.022388059701492536	0.0032297372836902
pam_plus_mobile	276	1.0	0.02242152466367713	0.0032361345793989
pam_plus_mobile	277	1.0	0.02252252252252252	0.003263215118963
pam_plus_mobile	278	1.0	0.022590361445783132	0.00329574619876
pam_plus_mobile	279	1.0	0.022727272727272728	0.0033640539077153
pam_plus_mobile	280	1.0	0.0228310502283105	0.0034195254538974
pam_plus_mobile	281	1.0	0.022865853658536585	0.0035338428414286
pam_plus_mobile	282	1.0	0.023076923076923078	0.0036506479227528
pam_plus_mobile	283	1.0	0.023183925811437404	0.0037087442281712
pam_plus_mobile	284	1.0	0.023255813953488372	0.0037154551954489
pam_plus_mobile	285	1.0	0.023291925465838508	0.0037803352272042
pam_plus_mobile	286	1.0	0.02336448598130841	0.0037847084066359
pam_plus_mobile	287	1.0	0.023547880690737835	0.0038661886400552
pam_plus_mobile	288	1.0	0.02358490566037736	0.0038920188590371
pam_plus_mobile	289	1.0	0.02388535031847134	0.0038979705288085
pam_plus_mobile	290	1.0	0.024077046548956663	0.0040070740603742
pam_plus_mobile	291	1.0	0.024311183144246355	0.0041319854013584
pam_plus_mobile	292	1.0	0.024350649350649352	0.0041537663760625
pam_plus_mobile	293	1.0	0.024429967426710098	0.0041545011192737
pam_plus_mobile	294	1.0	0.024509803921568627	0.0042124295188889
pam_plus_mobile	295	1.0	0.024630541871921183	0.0042389691230699
pam_plus_mobile	296	1.0	0.024671052631578948	0.004264313245107
pam_plus_mobile	297	1.0	0.025	0.0042723881262476
pam_plus_mobile	298	1.0	0.025041736227045076	0.0042796134147381
pam_plus_mobile	299	1.0	0.02533783783783784	0.0043196258960078
pam_plus_mobile	300	1.0	0.025466893039049237	0.0043434958557801
pam_plus_mobile	301	1.0	0.02555366269165247	0.004358135075941
pam_plus_mobile	302	1.0	0.02564102564102564	0.0044519053294973
pam_plus_mobile	303	1.0	0.025684931506849314	0.0046309903086559
pam_plus_mobile	304	1.0	0.025906735751295335	0.0047720930977877
pam_plus_mobile	305	1.0	0.025951557093425604	0.004781724442439
pam_plus_mobile	306	1.0	0.026041666666666668	0.0047869989294442
pam_plus_mobile	307	1.0	0.026223776223776224	0.0048281927117502
pam_plus_mobile	308	1.0	0.02626970227670753	0.004963634072919
pam_plus_mobile	309	1.0	0.02640845070422535	0.0050672467305152
pam_plus_mobile	310	1.0	0.026455026455026454	0.0051456855725891
pam_plus_mobile	311	1.0	0.02654867256637168	0.0052601320119903
pam_plus_mobile	312	1.0	0.026737967914438502	0.0052616924284515
pam_plus_mobile	313	1.0	0.026785714285714284	0.0053307099207252
pam_plus_mobile	314	1.0	0.026929982046678635	0.0053519862561745
pam_plus_mobile	315	1.0	0.02707581227436823	0.0053531799982869
pam_plus_mobile	316	1.0	0.02727272727272727	0.0057321900549364
pam_plus_mobile	317	1.0	0.02737226277372263	0.0057600145030316
pam_plus_mobile	318	1.0	0.027573529411764705	0.0060575383869545
pam_plus_mobile	319	1.0	0.027675276752767528	0.006276394025646
pam_plus_mobile	320	1.0	0.027881040892193308	0.0062860391319078
pam_plus_mobile	321	1.0	0.028037383177570093	0.0062876154297224
pam_plus_mobile	322	1.0	0.028089887640449437	0.0063462289101201
pam_plus_mobile	323	1.0	0.02819548872180451	0.0063501101438026
pam_plus_mobile	324	1.0	0.02824858757062147	0.006609312662443
pam_plus_mobile	325	1.0	0.02857142857142857	0.0068216549458922
pam_plus_mobile	326	1.0	0.02862595419847328	0.0068422083932363
pam_plus_mobile	327	1.0	0.028680688336520075	0.0073990577700371
pam_plus_mobile	328	1.0	0.028790786948176585	0.0077259297315828
pam_plus_mobile	329	1.0	0.02895752895752896	0.0078355458437571
pam_plus_mobile	330	1.0	0.02912621359223301	0.0082525828094497
pam_plus_mobile	331	1.0	0.029296875	0.0083285160093303
pam_plus_mobile	332	1.0	0.029411764705882353	0.0084836841512546
pam_plus_mobile	333	1.0	0.029469548133595286	0.0090673534949074
pam_plus_mobile	334	1.0	0.029644268774703556	0.0094203944055074
pam_plus_mobile	335	1.0	0.0297029702970297	0.0096017216696482
pam_plus_mobile	336	1.0	0.029880478087649404	0.0096201540571248
pam_plus_mobile	337	1.0	0.03	0.0097486379443324
pam_plus_mobile	338	1.0	0.030120481927710843	0.0100720184287704
pam_plus_mobile	339	1.0	0.03024193548387097	0.0101096368087096
pam_plus_mobile	340	1.0	0.03054989816700611	0.0102418898326552
pam_plus_mobile	341	1.0	0.030737704918032786	0.0103060217447632
pam_plus_mobile	342	1.0	0.030864197530864196	0.0104006507862916
pam_plus_mobile	343	1.0	0.03112033195020747	0.0110773616490848
pam_plus_mobile	344	1.0	0.03125	0.0111622588208695
pam_plus_mobile	345	1.0	0.03138075313807531	0.0113212124631337
pam_plus_mobile	346	1.0	0.03177966101694915	0.011694144354837
pam_plus_mobile	347	1.0	0.03184713375796178	0.0120570892517672
pam_plus_mobile	348	1.0	0.031982942430703626	0.0121717793202101
pam_plus_mobile	349	1.0	0.032119914346895075	0.0123498315054832
pam_plus_mobile	350	1.0	0.032397408207343416	0.0126995286509749
pam_plus_mobile	351	1.0	0.03260869565217391	0.0133594626618119
pam_plus_mobile	352	1.0	0.03289473684210526	0.0136412106528006
pam_plus_mobile	353	1.0	0.033185840707964605	0.0137217473083885
pam_plus_mobile	354	1.0	0.033632286995515695	0.0137276616374399
pam_plus_mobile	355	1.0	0.033783783783783786	0.0137579669252498
pam_plus_mobile	356	1.0	0.033860045146726865	0.0138976996250956
pam_plus_mobile	357	1.0	0.03416856492027335	0.0148101540029267
pam_plus_mobile	358	1.0	0.034482758620689655	0.0149711891416818
pam_plus_mobile	359	1.0	0.03464203233256351	0.0151131748172401
pam_plus_mobile	360	1.0	0.03480278422273782	0.0157691942717753
pam_plus_mobile	361	1.0	0.035629453681710214	0.0161610907133802
pam_plus_mobile	362	1.0	0.03571428571428571	0.0163664436247162
pam_plus_mobile	363	1.0	0.03614457831325301	0.016730405425251
pam_plus_mobile	364	1.0	0.036231884057971016	0.0173150843982748
pam_plus_mobile	365	1.0	0.03631961259079903	0.0173771029991007
pam_plus_mobile	366	1.0	0.03640776699029126	0.0175560089025025
pam_plus_mobile	367	1.0	0.0364963503649635	0.0175889732968445
pam_plus_mobile	368	1.0	0.036855036855036855	0.0191565130241014
pam_plus_mobile	369	1.0	0.03694581280788178	0.0191783756939687
pam_plus_mobile	370	1.0	0.037037037037037035	0.0192797197323443
pam_plus_mobile	371	1.0	0.0375	0.0195627140105398
pam_plus_mobile	372	1.0	0.03836317135549872	0.0198393292146947
pam_plus_mobile	373	1.0	0.038560411311053984	0.0200687359445754
pam_plus_mobile	374	1.0	0.0390625	0.0205640206962629
pam_plus_mobile	375	1.0	0.03926701570680628	0.0206245315195073
pam_plus_mobile	376	1.0	0.039473684210526314	0.0207653721135499
pam_plus_mobile	377	1.0	0.03978779840848806	0.0208575686848633
pam_plus_mobile	378	1.0	0.040214477211796246	0.0217877501110643
pam_plus_mobile	379	1.0	0.04043126684636118	0.0223967661157692
pam_plus_mobile	380	1.0	0.04076086956521739	0.0226908295023376
pam_plus_mobile	381	1.0	0.0410958904109589	0.0227473238163666
pam_plus_mobile	382	1.0	0.04189944134078212	0.0239205662061671
pam_plus_mobile	383	1.0	0.04201680672268908	0.0239555272293034
pam_plus_mobile	384	1.0	0.042134831460674156	0.0244935085946221
pam_plus_mobile	385	1.0	0.04225352112676056	0.0252855197167403
pam_plus_mobile	386	1.0	0.042492917847025496	0.0263819092594251
pam_plus_mobile	387	1.0	0.04261363636363636	0.0264432480097686
pam_plus_mobile	388	1.0	0.04297994269340974	0.0279176377621516
pam_plus_mobile	389	1.0	0.043478260869565216	0.0282814588873006
pam_plus_mobile	390	1.0	0.043859649122807015	0.028796258033632
pam_plus_mobile	391	1.0	0.04398826979472141	0.0307772971286293
pam_plus_mobile	392	1.0	0.04424778761061947	0.0308743560258642
pam_plus_mobile	393	1.0	0.04477611940298507	0.0313240516577799
pam_plus_mobile	394	1.0	0.045180722891566265	0.0323500694353483
pam_plus_mobile	395	1.0	0.046012269938650305	0.032833981564799
pam_plus_mobile	396	1.0	0.046153846153846156	0.032898377037574
pam_plus_mobile	397	1.0	0.046296296296296294	0.0333030748965227
pam_plus_mobile	398	1.0	0.046583850931677016	0.0335095077154442
pam_plus_mobile	399	1.0	0.046875	0.0344374696517562
pam_plus_mobile	400	1.0	0.047021943573667714	0.0344610264314122
pam_plus_mobile	401	1.0	0.04792332268370607	0.0351419656985779
pam_plus_mobile	402	1.0	0.04823151125401929	0.0351853610175667
pam_plus_mobile	403	1.0	0.048701298701298704	0.0361302135101586
pam_plus_mobile	404	1.0	0.049342105263157895	0.0363426396008081
pam_plus_mobile	405	1.0	0.04966887417218543	0.0373676666417132
pam_plus_mobile	406	1.0	0.05	0.038445190251787
pam_plus_mobile	407	1.0	0.050335570469798654	0.0386649301029881
pam_plus_mobile	408	1.0	0.050505050505050504	0.0400379766167524
pam_plus_mobile	409	1.0	0.05102040816326531	0.0414006908779777
pam_plus_mobile	410	1.0	0.05226480836236934	0.0414335364438392
pam_plus_mobile	411	1.0	0.05319148936170213	0.0414823350957686
pam_plus_mobile	412	1.0	0.05357142857142857	0.0418350407063679
pam_plus_mobile	413	1.0	0.054945054945054944	0.0418419696585781
pam_plus_mobile	414	1.0	0.05514705882352941	0.0421151778115302
pam_plus_mobile	415	1.0	0.055350553505535055	0.0428118092752649
pam_plus_mobile	416	1.0	0.05639097744360902	0.0432623085536855
pam_plus_mobile	417	1.0	0.056818181818181816	0.045028759024137
pam_plus_mobile	418	1.0	0.05725190839694656	0.046113589992557
pam_plus_mobile	419	1.0	0.057692307692307696	0.04906493277501
pam_plus_mobile	420	1.0	0.05813953488372093	0.0532753914260044
pam_plus_mobile	421	1.0	0.058823529411764705	0.0541537284246719
pam_plus_mobile	422	1.0	0.05976095617529881	0.0577692673246087
pam_plus_mobile	423	1.0	0.060240963855421686	0.058293126442033
pam_plus_mobile	424	1.0	0.06147540983606557	0.0593821857727155
pam_plus_mobile	425	1.0	0.06198347107438017	0.0632435967946053
pam_plus_mobile	426	1.0	0.06276150627615062	0.0644265553241147
pam_plus_mobile	427	1.0	0.06382978723404255	0.0682622913306291
pam_plus_mobile	428	1.0	0.0641025641025641	0.0698545486167088
pam_plus_mobile	429	1.0	0.06437768240343347	0.0712583603760436
pam_plus_mobile	430	1.0	0.06493506493506493	0.0716555682853226
pam_plus_mobile	431	1.0	0.06550218340611354	0.0733740539644138
pam_plus_mobile	432	1.0	0.06578947368421052	0.0772990585361791
pam_plus_mobile	433	1.0	0.06666666666666667	0.0799602493307805
pam_plus_mobile	434	1.0	0.06696428571428571	0.0818475999283847
pam_plus_mobile	435	1.0	0.06726457399103139	0.0820653245852148
pam_plus_mobile	436	1.0	0.06787330316742081	0.084731851754666
pam_plus_mobile	437	1.0	0.06944444444444445	0.091508933135452
pam_plus_mobile	438	1.0	0.07177033492822966	0.0915431210444773
pam_plus_mobile	439	1.0	0.07246376811594203	0.0941528543551553
pam_plus_mobile	440	1.0	0.07281553398058252	0.0945861641285449
pam_plus_mobile	441	1.0	0.07352941176470588	0.0965923439384284
pam_plus_mobile	442	1.0	0.07425742574257425	0.1001508791976857
pam_plus_mobile	443	1.0	0.07462686567164178	0.1036583341871789
pam_plus_mobile	444	1.0	0.075	0.1064114584257503
pam_plus_mobile	445	1.0	0.07614213197969544	0.108705197008443
pam_plus_mobile	446	1.0	0.078125	0.1097725192219881
pam_plus_mobile	447	1.0	0.08064516129032258	0.1118712519491984
pam_plus_mobile	448	1.0	0.08152173913043478	0.1151881771726206
pam_plus_mobile	449	1.0	0.08241758241758242	0.1164559451913346
pam_plus_mobile	450	1.0	0.08379888268156424	0.1207494843433213
pam_plus_mobile	451	1.0	0.08670520231213873	0.1221792763044113
pam_plus_mobile	452	1.0	0.0872093023255814	0.1414841857545684
pam_plus_mobile	453	1.0	0.08928571428571429	0.141571635937362
pam_plus_mobile	454	1.0	0.09036144578313253	0.1530782429005153
pam_plus_mobile	455	1.0	0.09146341463414634	0.1588036753404698
pam_plus_mobile	456	1.0	0.09375	0.1631893150033342
pam_plus_mobile	457	1.0	0.09933774834437085	0.173676432758989
pam_plus_mobile	458	1.0	0.1	0.1779750467225437
pam_plus_mobile	459	1.0	0.10204081632653061	0.1841890250025118
pam_plus_mobile	460	1.0	0.1048951048951049	0.1848700559184033
pam_plus_mobile	461	1.0	0.1056338028169014	0.1863847650614197
pam_plus_mobile	462	1.0	0.1079136690647482	0.1897975903349283
pam_plus_mobile	463	1.0	0.1111111111111111	0.1949531374182124
pam_plus_mobile	464	1.0	0.11194029850746269	0.1961690686310747
pam_plus_mobile	465	1.0	0.11278195488721804	0.201720314492042
pam_plus_mobile	466	1.0	0.11450381679389313	0.2107411874898168
pam_plus_mobile	467	1.0	0.11538461538461539	0.2131816843528956
pam_plus_mobile	468	1.0	0.1171875	0.2174618768933
pam_plus_mobile	469	1.0	0.12195121951219512	0.2240648596438876
pam_plus_mobile	470	1.0	0.12605042016806722	0.2247378846988871
pam_plus_mobile	471	1.0	0.1282051282051282	0.2361318096187289
pam_plus_mobile	472	1.0	0.13157894736842105	0.2371466381868342
pam_plus_mobile	473	1.0	0.13636363636363635	0.2523354850851674
pam_plus_mobile	474	1.0	0.13761467889908258	0.2574374794823249
pam_plus_mobile	475	1.0	0.14285714285714285	0.2645009265446145
pam_plus_mobile	476	1.0	0.14705882352941177	0.2751252814450074
pam_plus_mobile	477	1.0	0.15463917525773196	0.2785632760319873
pam_plus_mobile	478	1.0	0.15789473684210525	0.2884400022273565
pam_plus_mobile	479	1.0	0.16129032258064516	0.2894999904808856
pam_plus_mobile	480	1.0	0.16304347826086957	0.2989756483958858
pam_plus_mobile	481	1.0	0.17857142857142858	0.3049695454128079
pam_plus_mobile	482	1.0	0.18292682926829268	0.3100604973939271
pam_plus_mobile	483	1.0	0.18518518518518517	0.3186618453274933
pam_plus_mobile	484	1.0	0.189873417721519	0.3440740466313877
pam_plus_mobile	485	1.0	0.19230769230769232	0.3561107182520285
pam_plus_mobile	486	1.0	0.20270270270270271	0.3614064077248994
pam_plus_mobile	487	1.0	0.21428571428571427	0.3647515879620442
pam_plus_mobile	488	1.0	0.23076923076923078	0.419420652369837
pam_plus_mobile	489	1.0	0.23809523809523808	0.5035336978244593
pam_plus_mobile	490	1.0	0.2459016393442623	0.5622650856573811
pam_plus_mobile	491	1.0	0.25	0.5880302272118249
pam_plus_mobile	492	1.0	0.2542372881355932	0.5919531452781956
pam_plus_mobile	493	0.9333333333333333	0.2692307692307692	0.6107768273197008
pam_plus_mobile	494	0.9333333333333333	0.28	0.6238576776274192
pam_plus_mobile	495	0.9333333333333333	0.2978723404255319	0.6448139962298254
pam_plus_mobile	496	0.9333333333333333	0.32558139534883723	0.7051312924652205
pam_plus_mobile	497	0.9333333333333333	0.3333333333333333	0.7271662766141851
pam_plus_mobile	498	0.9333333333333333	0.35	0.7287931854610981
pam_plus_mobile	499	0.9333333333333333	0.3684210526315789	0.778506113368446
pam_plus_mobile	500	0.9333333333333333	0.3783783783783784	0.786936826175734
pam_plus_mobile	501	0.9333333333333333	0.3888888888888889	0.796010093343134
pam_plus_mobile	502	0.9333333333333333	0.4	0.797304813165616
pam_plus_mobile	503	0.9333333333333333	0.4117647058823529	0.8189330288452972
pam_plus_mobile	504	0.9333333333333333	0.4375	0.8246926410372939
pam_plus_mobile	505	0.9333333333333333	0.5	0.8451271578090106
pam_plus_mobile	506	0.9333333333333333	0.6363636363636364	0.9631627991952916
pam_plus_mobile	507	0.7333333333333333	0.5789473684210527	0.9683518867724976
pam_plus_mobile	508	0.5333333333333333	0.5333333333333333	0.9697169456611368
pam_plus_mobile	509	0.3333333333333333	0.5	0.9703233514825677
pam_plus_mobile	510	0.13333333333333333	0.4	0.9715755755856726
pam_plus_mobile	511	0.0	1.0	
