PAM_only_Recall	PAM_only_Precision	Mobile_only_Recall	Mobile_only_Precision	PAM_plus_mobile_Recall	PAM_plus_mobile_Precision	Prevalence_Recall	Prevalence_Precision
0.0	1.0	0.0	1.0	0.0	1.0	0.0	0.009900990099009901
0.2	0.3	0.2	0.0227272727272727	0.1333333333333333	0.4	1.0	0.009900990099009901
0.3333333333333333	0.3333333333333333	0.4	0.0253164556962025	0.3333333333333333	0.5		
0.5333333333333333	0.3333333333333333	0.6	0.026865671641791	0.5333333333333333	0.5333333333333333		
0.7333333333333333	0.3548387096774194	0.7333333333333333	0.0290237467018469	0.7333333333333333	0.5789473684210527		
1.0	0.0285714285714285	0.9333333333333332	0.0115131578947368	0.9333333333333332	0.6363636363636364		
1.0	0.0285171102661596	0.9333333333333332	0.0132325141776937	0.9333333333333332	0.28		
1.0	0.0283553875236294	0.9333333333333332	0.0157835400225479	0.9333333333333332	0.2978723404255319		
1.0	0.0282485875706214	0.9333333333333332	0.0205278592375366	0.9333333333333332	0.3255813953488372		
1.0	0.0279329608938547	0.9333333333333332	0.0330188679245283	0.9333333333333332	0.3333333333333333		
1.0	0.0276752767527675	1.0	0.0099009900990099	0.9333333333333332	0.35		
1.0	0.0273722627737226			0.9333333333333332	0.2692307692307692		
1.0	0.0271247739602169			0.9333333333333332	0.3783783783783784		
1.0	0.0269299820466786			0.9333333333333332	0.3888888888888889		
1.0	0.0263620386643233			0.9333333333333332	0.4		
1.0	0.0260416666666666			0.9333333333333332	0.4117647058823529		
1.0	0.0257731958762886			0.9333333333333332	0.4375		
1.0	0.0255972696245733			0.9333333333333332	0.3684210526315789		
1.0	0.0253807106598984			0.9333333333333332	0.5		
1.0	0.0251677852348993			1.0	0.0294695481335952		
1.0	0.0290135396518375			1.0	0.0296442687747035		
1.0	0.029296875			1.0	0.0297029702970297		
1.0	0.0186335403726708			1.0	0.0298804780876494		
1.0	0.0300601202404809			1.0	0.0302419354838709		
1.0	0.0342465753424657			1.0	0.0301204819277108		
1.0	0.034090909090909			1.0	0.0305498981670061		
1.0	0.0337837837837837			1.0	0.0307377049180327		
1.0	0.0335570469798657			1.0	0.0308641975308641		
1.0	0.0331858407079646			1.0	0.0294117647058823		
1.0	0.0328947368421052			1.0	0.03		
1.0	0.0327510917030567			1.0	0.029296875		
1.0	0.0247524752475247			1.0	0.0281954887218045		
1.0	0.0323275862068965			1.0	0.0289575289575289		
1.0	0.031578947368421			1.0	0.0287907869481765		
1.0	0.0314465408805031			1.0	0.02868068833652		
1.0	0.0311850311850311			1.0	0.0286259541984732		
1.0	0.03099173553719			1.0	0.0285714285714285		
1.0	0.0308008213552361			1.0	0.0282485875706214		
1.0	0.0306122448979591			1.0	0.0311203319502074		
1.0	0.0304878048780487			1.0	0.0280898876404494		
1.0	0.0316455696202531			1.0	0.02803738317757		
1.0	0.0295275590551181			1.0	0.0278810408921933		
1.0	0.0246305418719211			1.0	0.0276752767527675		
1.0	0.024232633279483			1.0	0.0275735294117647		
1.0	0.0211267605633802			1.0	0.029126213592233		
1.0	0.0210970464135021			1.0	0.03125		
1.0	0.0208044382801664			1.0	0.0331858407079646		
1.0	0.0205479452054794			1.0	0.0317796610169491		
1.0	0.0203527815468114			1.0	0.0383631713554987		
1.0	0.020242914979757			1.0	0.0375		
1.0	0.0200803212851405			1.0	0.037037037037037		
1.0	0.0199468085106383			1.0	0.0369458128078817		
1.0	0.019893899204244			1.0	0.0368550368550368		
1.0	0.0196850393700787			1.0	0.0364963503649635		
1.0	0.0194552529182879			1.0	0.0364077669902912		
1.0	0.0193050193050193			1.0	0.036319612590799		
1.0	0.0189873417721519			1.0	0.036231884057971		
1.0	0.0188916876574307			1.0	0.036144578313253		
1.0	0.0186799501867995			1.0	0.0357142857142857		
1.0	0.0212464589235127			1.0	0.0356294536817102		
1.0	0.0344827586206896			1.0	0.0313807531380753		
1.0	0.021398002853067			1.0	0.0348027842227378		
1.0	0.021551724137931			1.0	0.0344827586206896		
1.0	0.0238473767885532			1.0	0.0341685649202733		
1.0	0.0236220472440944			1.0	0.0338600451467268		
1.0	0.0234009360374415			1.0	0.0337837837837837		
1.0	0.0232919254658385			1.0	0.0336322869955156		
1.0	0.0231839258114374			1.0	0.0273722627737226		
1.0	0.0231481481481481			1.0	0.0328947368421052		
1.0	0.0230414746543778			1.0	0.0326086956521739		
1.0	0.0227963525835866			1.0	0.0323974082073434		
1.0	0.0225903614457831			1.0	0.032119914346895		
1.0	0.0225225225225225			1.0	0.0319829424307036		
1.0	0.0224550898203592			1.0	0.0318471337579617		
1.0	0.0220264317180616			1.0	0.0346420323325635		
1.0	0.0218978102189781			1.0	0.0272727272727272		
1.0	0.0218340611353711			1.0	0.0262697022767075		
1.0	0.0217076700434153			1.0	0.0269299820466786		
1.0	0.0215208034433285			1.0	0.0231839258114374		
1.0	0.0243506493506493			1.0	0.023076923076923		
1.0	0.035377358490566			1.0	0.0228658536585365		
1.0	0.0185643564356435			1.0	0.0228310502283105		
1.0	0.1006711409395973			1.0	0.0227272727272727		
1.0	0.0986842105263157			1.0	0.0225903614457831		
1.0	0.0955414012738853			1.0	0.0225225225225225		
1.0	0.09375			1.0	0.0224215246636771		
1.0	0.0925925925925925			1.0	0.0223880597014925		
1.0	0.0914634146341463			1.0	0.022354694485842		
1.0	0.0903614457831325			1.0	0.0222551928783382		
1.0	0.0887573964497041			1.0	0.0221565731166912		
1.0	0.0842696629213483			1.0	0.0232558139534883		
1.0	0.0833333333333333			1.0	0.0220588235294117		
1.0	0.0824175824175824			1.0	0.0218023255813953		
1.0	0.0797872340425532			1.0	0.0217706821480406		
1.0	0.0793650793650793			1.0	0.0216763005780346		
1.0	0.077720207253886			1.0	0.021551724137931		
1.0	0.0753768844221105			1.0	0.021398002853067		
1.0	0.1041666666666666			1.0	0.0213371266002844		
1.0	0.108695652173913			1.0	0.0211565585331452		
1.0	0.112781954887218			1.0	0.0210970464135021		
1.0	0.1171875			1.0	0.0209205020920502		
1.0	0.3658536585365853			1.0	0.0208913649025069		
1.0	0.3260869565217391			1.0	0.0208333333333333		
1.0	0.3			1.0	0.020775623268698		
1.0	0.2830188679245283			1.0	0.0220264317180616		
1.0	0.2631578947368421			1.0	0.0270758122743682		
1.0	0.2586206896551724			1.0	0.0232919254658385		
1.0	0.2238805970149253			1.0	0.0235478806907378		
1.0	0.0742574257425742			1.0	0.0267857142857142		
1.0	0.1948051948051948			1.0	0.0267379679144385		
1.0	0.1578947368421052			1.0	0.0265486725663716		
1.0	0.1515151515151515			1.0	0.0264550264550264		
1.0	0.1470588235294117			1.0	0.0264084507042253		
1.0	0.1376146788990825			1.0	0.0385604113110539		
1.0	0.1304347826086956			1.0	0.0262237762237762		
1.0	0.1260504201680672			1.0	0.0260416666666666		
1.0	0.1229508196721311			1.0	0.0259515570934256		
1.0	0.1785714285714285			1.0	0.0259067357512953		
1.0	0.0347222222222222			1.0	0.0256849315068493		
1.0	0.0694444444444444			1.0	0.0256410256410256		
1.0	0.0630252100840336			1.0	0.0233644859813084		
1.0	0.0424929178470254			1.0	0.0255536626916524		
1.0	0.0418994413407821			1.0	0.0253378378378378		
1.0	0.0416666666666666			1.0	0.025041736227045		
1.0	0.0414364640883977			1.0	0.025		
1.0	0.0408719346049046			1.0	0.0246710526315789		
1.0	0.0403225806451612			1.0	0.0246305418719211		
1.0	0.039787798408488			1.0	0.0245098039215686		
1.0	0.0392670157068062			1.0	0.02442996742671		
1.0	0.038860103626943			1.0	0.0243506493506493		
1.0	0.0385604113110539			1.0	0.0243111831442463		
1.0	0.0384615384615384			1.0	0.0240770465489566		
1.0	0.0381679389312977			1.0	0.0238853503184713		
1.0	0.0377833753148614			1.0	0.0235849056603773		
1.0	0.037037037037037			1.0	0.0254668930390492		
1.0	0.0364077669902912			1.0	0.0390625		
1.0	0.0432276657060518			1.0	0.0418994413407821		
1.0	0.0437317784256559			1.0	0.0394736842105263		
1.0	0.0445103857566765			1.0	0.1079136690647482		
1.0	0.0451807228915662			1.0	0.1056338028169014		
1.0	0.0609756097560975			1.0	0.1048951048951049		
1.0	0.0588235294117647			1.0	0.1020408163265306		
1.0	0.0572519083969465			1.0	0.1		
1.0	0.0555555555555555			1.0	0.0993377483443708		
1.0	0.0545454545454545			1.0	0.09375		
1.0	0.0535714285714285			1.0	0.0914634146341463		
1.0	0.0531914893617021			1.0	0.0903614457831325		
1.0	0.0657894736842105			1.0	0.0892857142857142		
1.0	0.0522648083623693			1.0	0.0872093023255814		
1.0	0.0506756756756756			1.0	0.0867052023121387		
1.0	0.0496688741721854			1.0	0.0837988826815642		
1.0	0.0485436893203883			1.0	0.0824175824175824		
1.0	0.048076923076923			1.0	0.0815217391304347		
1.0	0.0476190476190476			1.0	0.0806451612903225		
1.0	0.0460122699386503			1.0	0.078125		
1.0	0.0453172205438066			1.0	0.0761421319796954		
1.0	0.0515463917525773			1.0	0.075		
1.0	0.036231884057971			1.0	0.0746268656716417		
1.0	0.0099009900990099			1.0	0.0742574257425742		
1.0	0.0181378476420798			1.0	0.0735294117647058		
1.0	0.011574074074074			1.0	0.0728155339805825		
1.0	0.0115384615384615			1.0	0.072463768115942		
1.0	0.0114942528735632			1.0	0.0717703349282296		
1.0	0.0114329268292682			1.0	0.1111111111111111		
1.0	0.0114068441064638			1.0	0.1119402985074626		
1.0	0.011380880121396			1.0	0.112781954887218		
1.0	0.0113550340651021			1.0	0.1145038167938931		
1.0	0.0113378684807256			1.0	0.2542372881355932		
1.0	0.0113293051359516			1.0	0.25		
1.0	0.0113036925395629			1.0	0.2459016393442623		
1.0	0.0112697220135236			1.0	0.238095238095238		
1.0	0.0112443778110944			1.0	0.2307692307692307		
1.0	0.0112023898431665			1.0	0.2142857142857142		
1.0	0.0111940298507462			1.0	0.2027027027027027		
1.0	0.0111856823266219			1.0	0.1923076923076923		
1.0	0.0115830115830115			1.0	0.189873417721519		
1.0	0.0116009280742459			1.0	0.1851851851851851		
1.0	0.0116369278510473			1.0	0.1829268292682926		
1.0	0.0116731517509727			1.0	0.1785714285714285		
1.0	0.0122349102773246			1.0	0.0694444444444444		
1.0	0.0121753246753246			1.0	0.1630434782608695		
1.0	0.0121261115602263			1.0	0.1578947368421052		
1.0	0.0120772946859903			1.0	0.1546391752577319		
1.0	0.012028869286287			1.0	0.1470588235294117		
1.0	0.0119904076738609			1.0	0.1428571428571428		
1.0	0.0119617224880382			1.0	0.1376146788990825		
1.0	0.0111607142857142			1.0	0.1363636363636363		
1.0	0.0119331742243436			1.0	0.131578947368421		
1.0	0.0118389897395422			1.0	0.1282051282051282		
1.0	0.0118296529968454			1.0	0.1260504201680672		
1.0	0.011801730920535			1.0	0.1219512195121951		
1.0	0.0117739403453689			1.0	0.1171875		
1.0	0.0117462803445575			1.0	0.1153846153846153		
1.0	0.0117370892018779			1.0	0.1612903225806451		
1.0	0.0116913484021823			1.0	0.0678733031674208		
1.0	0.0118858954041204			1.0	0.0672645739910313		
1.0	0.0110782865583456			1.0	0.0669642857142857		
1.0	0.0110537951363301			1.0	0.0487012987012987		
1.0	0.0109970674486803			1.0	0.0482315112540192		
1.0	0.0103305785123966			1.0	0.047923322683706		
1.0	0.0102951269732326			1.0	0.0470219435736677		
1.0	0.0102810143934201			1.0	0.046875		
1.0	0.0102669404517453			1.0	0.046583850931677		
1.0	0.0101902173913043			1.0	0.0462962962962962		
1.0	0.010183299389002			1.0	0.0461538461538461		
1.0	0.0101282916948008			1.0	0.0460122699386503		
1.0	0.0103376981392143			1.0	0.0451807228915662		
1.0	0.0100942126514131			1.0	0.044776119402985		
1.0	0.0100401606425702			1.0	0.0442477876106194		
1.0	0.0100200400801603			1.0	0.0493421052631578		
1.0	0.010006671114076			1.0	0.0439882697947214		
1.0	0.0099667774086378			1.0	0.0434782608695652		
1.0	0.0099535500995355			1.0	0.0429799426934097		
1.0	0.0099272005294506			1.0	0.0426136363636363		
1.0	0.0099140779907468			1.0	0.0424929178470254		
1.0	0.0100874243443174			1.0	0.0422535211267605		
1.0	0.0122649223221586			1.0	0.0421348314606741		
1.0	0.0103662750518313			1.0	0.0206327372764786		
1.0	0.0104022191400832			1.0	0.0410958904109589		
1.0	0.0109729334308705			1.0	0.0407608695652173		
1.0	0.0109329446064139			1.0	0.0404312668463611		
1.0	0.0109011627906976			1.0	0.0402144772117962		
1.0	0.0108381502890173			1.0	0.039787798408488		
1.0	0.0107913669064748			1.0	0.043859649122807		
1.0	0.0107681263460157			1.0	0.0392670157068062		
1.0	0.0107066381156316			1.0	0.0496688741721854		
1.0	0.010387811634349			1.0	0.0503355704697986		
1.0	0.0106837606837606			1.0	0.0666666666666666		
1.0	0.0106307583274273			1.0	0.0657894736842105		
1.0	0.0105782792665726			1.0	0.0655021834061135		
1.0	0.0105559465165376			1.0	0.0649350649350649		
1.0	0.0105189340813464			1.0	0.0643776824034334		
1.0	0.0104602510460251			1.0	0.0641025641025641		
1.0	0.0104456824512534			1.0	0.0638297872340425		
1.0	0.0104166666666666			1.0	0.0627615062761506		
1.0	0.0106458481192335			1.0	0.0619834710743801		
1.0	0.0182260024301336			1.0	0.0614754098360655		
1.0	0.0123152709359605			1.0	0.0602409638554216		
1.0	0.012396694214876			1.0	0.0597609561752988		
1.0	0.0163755458515283			1.0	0.05		
1.0	0.01628664495114			1.0	0.0588235294117647		
1.0	0.0162337662337662			1.0	0.0576923076923076		
1.0	0.0162162162162162			1.0	0.0572519083969465		
1.0	0.0161637931034482			1.0	0.0568181818181818		
1.0	0.0161117078410311			1.0	0.056390977443609		
1.0	0.0159914712153518			1.0	0.055350553505535		
1.0	0.0158061116965226			1.0	0.0551470588235294		
1.0	0.0157397691500524			1.0	0.0549450549450549		
1.0	0.0156576200417536			1.0	0.0535714285714285		
1.0	0.0155763239875389			1.0	0.0531914893617021		
1.0	0.015511892450879			1.0	0.0522648083623693		
1.0	0.015432098765432			1.0	0.0510204081632653		
1.0	0.0152905198776758			1.0	0.0505050505050505		
1.0	0.0152129817444219			1.0	0.0581395348837209		
1.0	0.0163934426229508			1.0	0.042016806722689		
1.0	0.0164835164835164			1.0	0.0099009900990099		
1.0	0.0165198237885462			1.0	0.0203252032520325		
1.0	0.0166112956810631			1.0	0.0119521912350597		
1.0	0.0180505415162454			1.0	0.0119331742243436		
1.0	0.0179425837320574			1.0	0.0118858954041204		
1.0	0.0178997613365155			1.0	0.01187648456057		
1.0	0.0176470588235294			1.0	0.0118483412322274		
1.0	0.0175029171528588			1.0	0.0118389897395422		
1.0	0.0174418604651162			1.0	0.011783189316575		
1.0	0.0174216027874564			1.0	0.0117739403453689		
1.0	0.0151362260343087			1.0	0.0117554858934169		
1.0	0.0173210161662817			1.0	0.0117004680187207		
1.0	0.0172018348623853			1.0	0.0116822429906542		
1.0	0.0171821305841924			1.0	0.0116459627329192		
1.0	0.0170454545454545			1.0	0.0116279069767441		
1.0	0.0169109357384441			1.0	0.0119808306709265		
1.0	0.0168161434977578			1.0	0.0116189000774593		
1.0	0.0167410714285714			1.0	0.0115384615384615		
1.0	0.0166297117516629			1.0	0.0114942528735632		
1.0	0.0172413793103448			1.0	0.0114766641162968		
1.0	0.0149551345962113			1.0	0.0114591291061879		
1.0	0.0148957298907646			1.0	0.011441647597254		
1.0	0.0148221343873517			1.0	0.0114068441064638		
1.0	0.0132978723404255			1.0	0.0113895216400911		
1.0	0.013215859030837			1.0	0.0113722517058377		
1.0	0.0131694468832309			1.0	0.0113464447806354		
1.0	0.0131233595800524			1.0	0.0113378684807256		
1.0	0.0130548302872062			1.0	0.0113293051359516		
1.0	0.0129757785467128			1.0	0.0113036925395629		
1.0	0.0129087779690189			1.0	0.0112781954887218		
1.0	0.0133928571428571			1.0	0.011574074074074		
1.0	0.0128424657534246			1.0	0.0112612612612612		
1.0	0.0127442650807136			1.0	0.0120192307692307		
1.0	0.0126903553299492			1.0	0.0120870265914585		
1.0	0.0126262626262626			1.0	0.0129198966408268		
1.0	0.0125628140703517			1.0	0.0128976784178847		
1.0	0.0125418060200668			1.0	0.0128865979381443		
1.0	0.0125			1.0	0.0128205128205128		
1.0	0.0124481327800829			1.0	0.0127986348122866		
1.0	0.0127768313458262			1.0	0.0126903553299492		
1.0	0.0123762376237623			1.0	0.0126796280642434		
1.0	0.013477088948787			1.0	0.0126689189189189		
1.0	0.013611615245009			1.0	0.0126475548060708		
1.0	0.0147058823529411			1.0	0.0126262626262626		
1.0	0.0146198830409356			1.0	0.0125733445096395		
1.0	0.0146056475170399			1.0	0.0125523012552301		
1.0	0.0145067698259187			1.0	0.0125		
1.0	0.0144648023143683			1.0	0.0120385232744783		
1.0	0.0142993326978074			1.0	0.0124895920066611		
1.0	0.0141911069063386			1.0	0.0124688279301745		
1.0	0.0135623869801084			1.0	0.0124584717607973		
1.0	0.0140712945590994			1.0	0.0124481327800829		
1.0	0.0139664804469273			1.0	0.0124069478908188		
1.0	0.0138760407030527			1.0	0.0123864574731626		
1.0	0.0138504155124653			1.0	0.0123558484349258		
1.0	0.0138248847926267			1.0	0.0123355263157894		
1.0	0.0136861313868613			1.0	0.0123051681706316		
1.0	0.0136612021857923			1.0	0.0122649223221586		
1.0	0.0136363636363636			1.0	0.0122050447518307		
1.0	0.0140449438202247			1.0	0.0121753246753246		
1.0	0.0184729064039408			1.0	0.0121654501216545		
				1.0	0.0121163166397415		
				1.0	0.0124792013311148		
				1.0	0.0130321459600347		
				1.0	0.0112359550561797		
				1.0	0.011177347242921		
				1.0	0.0105559465165376		
				1.0	0.0105337078651685		
				1.0	0.010482180293501		
				1.0	0.0104311543810848		
				1.0	0.0104239054899235		
				1.0	0.010387811634349		
				1.0	0.0103734439834024		
				1.0	0.0103376981392143		
				1.0	0.0103305785123966		
				1.0	0.0103021978021978		
				1.0	0.0102389078498293		
				1.0	0.0102319236016371		
				1.0	0.0102249488752556		
				1.0	0.0105708245243128		
				1.0	0.0102179836512261		
				1.0	0.0101626016260162		
				1.0	0.0101282916948008		
				1.0	0.0101078167115902		
				1.0	0.0100874243443174		
				1.0	0.0100671140939597		
				1.0	0.010053619302949		
				1.0	0.0100401606425702		
				1.0	0.010006671114076		
				1.0	0.0099933377748167		
				1.0	0.0099667774086378		
				1.0	0.0099403578528827		
				1.0	0.0099272005294506		
				1.0	0.0099140779907468		
				1.0	0.010183299389002		
				1.0	0.0111940298507462		
				1.0	0.0105782792665726		
				1.0	0.0106458481192335		
				1.0	0.0111441307578008		
				1.0	0.0111275964391691		
				1.0	0.0111111111111111		
				1.0	0.0111028867505551		
				1.0	0.0110864745011086		
				1.0	0.011070110701107		
				1.0	0.0110456553755522		
				1.0	0.0110213078618662		
				1.0	0.0109890109890109		
				1.0	0.0109729334308705		
				1.0	0.0109649122807017		
				1.0	0.0109569028487947		
				1.0	0.0109409190371991		
				1.0	0.010593220338983		
				1.0	0.0109170305676855		
				1.0	0.0108695652173913		
				1.0	0.0108616944243301		
				1.0	0.0108538350217076		
				1.0	0.0108303249097472		
				1.0	0.0108225108225108		
				1.0	0.0107913669064748		
				1.0	0.01078360891445		
				1.0	0.0107681263460157		
				1.0	0.0107372942018611		
				1.0	0.0107219442458899		
				1.0	0.0106837606837606		
				1.0	0.0106609808102345		
				1.0	0.010653409090909		
				1.0	0.0108932461873638		
				1.0	0.0204638472032742		
				1.0	0.013089005235602		
				1.0	0.0131810193321616		
				1.0	0.0176056338028169		
				1.0	0.0175644028103044		
				1.0	0.0174825174825174		
				1.0	0.0174216027874564		
				1.0	0.0173410404624277		
				1.0	0.0173210161662817		
				1.0	0.0172413793103448		
				1.0	0.017162471395881		
				1.0	0.0170261066969353		
				1.0	0.0169683257918552		
				1.0	0.0169300225733634		
				1.0	0.0168728908886389		
				1.0	0.0168350168350168		
				1.0	0.0177095631641086		
				1.0	0.0167597765363128		
				1.0	0.0165745856353591		
				1.0	0.0165562913907284		
				1.0	0.0165016501650165		
				1.0	0.0164113785557986		
				1.0	0.0163755458515283		
				1.0	0.0163576881134133		
				1.0	0.0163043478260869		
				1.0	0.0161987041036717		
				1.0	0.0161812297734627		
				1.0	0.0159914712153518		
				1.0	0.0159744408945686		
				1.0	0.0159404888416578		
				1.0	0.0158898305084745		
				1.0	0.0166852057842046		
				1.0	0.0158730158730158		
				1.0	0.0177514792899408		
				1.0	0.0177935943060498		
				1.0	0.020242914979757		
				1.0	0.0202156334231805		
				1.0	0.0201884253028263		
				1.0	0.0199733688415446		
				1.0	0.0198675496688741		
				1.0	0.0198412698412698		
				1.0	0.0197109067017082		
				1.0	0.0196078431372549		
				1.0	0.0194552529182879		
				1.0	0.0193548387096774		
				1.0	0.019108280254777		
				1.0	0.0190839694656488		
				1.0	0.0190114068441064		
				1.0	0.0177725118483412		
				1.0	0.0189155107187894		
				1.0	0.0185873605947955		
				1.0	0.0185185185185185		
				1.0	0.0184956843403205		
				1.0	0.0184729064039408		
				1.0	0.0182926829268292		
				1.0	0.0182704019488428		
				1.0	0.0182260024301336		
				1.0	0.0181818181818181		
				1.0	0.0181378476420798		
				1.0	0.0180940892641737		
				1.0	0.0180505415162454		
				1.0	0.0180072028811524		
				1.0	0.0178784266984505		
				1.0	0.0186567164179104		
				1.0	0.0131578947368421		
				1.0	0.0158562367864693		
				1.0	0.0157728706624605		
				1.0	0.01434034416826		
				1.0	0.0142993326978074		
				1.0	0.0142857142857142		
				1.0	0.0142450142450142		
				1.0	0.0142045454545454		
				1.0	0.0141376060320452		
				1.0	0.0140845070422535		
				1.0	0.0140449438202247		
				1.0	0.0139794967381174		
				1.0	0.0139664804469273		
				1.0	0.0138632162661737		
				1.0	0.0138376383763837		
				1.0	0.0138121546961325		
				1.0	0.014367816091954		
				1.0	0.0137111517367458		
				1.0	0.0136363636363636		
				1.0	0.013611615245009		
				1.0	0.013550135501355		
				1.0	0.0135379061371841		
				1.0	0.0135135135135135		
				1.0	0.0134892086330935		
				1.0	0.0134529147982062		
				1.0	0.0134048257372654		
				1.0	0.0133451957295373		
				1.0	0.0133214920071047		
				1.0	0.0133096716947648		
				1.0	0.0132978723404255		
				1.0	0.0132042253521126		
				1.0	0.0136861313868613		
				1.0	0.0157894736842105		
				1.0	0.0143953934740882		
				1.0	0.0145067698259187		
				1.0	0.0157397691500524		
				1.0	0.0156903765690376		
				1.0	0.0156576200417536		
				1.0	0.0155925155925155		
				1.0	0.0155440414507772		
				1.0	0.015432098765432		
				1.0	0.015400410677618		
				1.0	0.0153531218014329		
				1.0	0.015274949083503		
				1.0	0.015228426395939		
				1.0	0.0151975683890577		
				1.0	0.0151821862348178		
				1.0	0.0151362260343087		
				1.0	0.0144508670520231		
				1.0	0.0150602409638554		
				1.0	0.0149551345962113		
				1.0	0.0149402390438247		
				1.0	0.014910536779324		
				1.0	0.0148514851485148		
				1.0	0.014807502467917		
				1.0	0.014792899408284		
				1.0	0.014763779527559		
				1.0	0.014720314033366		
				1.0	0.0146914789422135		
				1.0	0.0146627565982404		
				1.0	0.0146341463414634		
				1.0	0.0146198830409356		
				1.0	0.0145772594752186		
				1.0	0.015		
				1.0	0.0206043956043956		
