pair_label	X_ANI_percent	Y_spacer_Jaccard	shared_spacers	union_spacers
R 6.14 vs L29	98.15455	0.0	0	67
R 6.14 vs SS44	98.17995	0.0833333333333333	3	36
T1-8 vs SS44	98.265	0.0	0	86
SQR-21 vs SS44	98.29245	0.0	0	61
CF05 vs SS44	98.29605	0.0	0	67
C12 vs L29	98.3343	0.0	0	85
ZJ-9 vs L29	98.3487	0.0	0	68
MEZ6 vs SS44	98.3507	0.0	0	56
L29 vs ZLZ-12	98.35305	0.0	0	66
ZLZ-12 vs SS44	98.3536	0.0	0	38
C12 vs SS44	98.3603	0.0555555555555555	3	54
MEZ6 vs L29	98.3643	0.0	0	84
ZJ-9 vs SS44	98.3678	0.0	0	40
R 6.14 vs T1-8	98.3699	0.0	0	91
ZJ-9 vs R 6.14	98.38725	0.0	0	45
L29 vs T1-8	98.3993	0.0	0	114
SQR-21 vs C12	98.4008	0.0769230769230769	6	78
CF05 vs R 6.14	98.4066	0.0	0	72
CF05 vs L29	98.4102	0.0	0	95
SQR-21 vs R 6.14	98.41955	0.0	0	66
SQR-21 vs L29	98.42385	0.0	0	89
R 6.14 vs ZLZ-12	98.43805	0.0	0	43
CF05 vs C12	98.52905	0.0714285714285714	6	84
ZJ-9 vs C12	98.53505	0.3404255319148936	16	47
L29 vs SS44	98.5371	0.0	0	62
T1-8 vs ZLZ-12	98.54035	0.0	0	90
C12 vs R 6.14	98.5554	0.2653061224489796	13	49
C12 vs ZLZ-12	98.55885	0.3260869565217391	15	46
C12 vs T1-8	98.57355	0.0	0	109
ZJ-9 vs MEZ6	98.591	0.4090909090909091	18	44
ZJ-9 vs T1-8	98.61745	0.0	0	92
MEZ6 vs ZLZ-12	98.6222	0.3636363636363636	16	44
SQR-21 vs MEZ6	98.6296	0.0779220779220779	6	77
CF05 vs MEZ6	98.6327	0.072289156626506	6	83
MEZ6 vs T1-8	98.64515	0.0	0	108
SQR-21 vs ZJ-9	98.6533	0.0983606557377049	6	61
MEZ6 vs R 6.14	98.72285	0.0	0	61
SQR-21 vs ZLZ-12	98.7573	0.1016949152542373	6	59
CF05 vs ZJ-9	98.78905	0.0895522388059701	6	67
CF05 vs ZLZ-12	98.79535	0.0923076923076923	6	65
SQR-21 vs T1-8	98.8163	0.0	0	113
C12 vs MEZ6	98.8753	0.3620689655172414	21	58
CF05 vs T1-8	98.8781	0.0	0	119
ZJ-9 vs ZLZ-12	99.6102	0.9130434782608696	21	23
SQR-21 vs CF05	99.73585	0.7090909090909091	39	55
