model	point	false_positive_rate	true_positive_rate	threshold
pam_only	1	0.0	0.0	inf
pam_only	2	0.004666666666666667	0.2	0.9527064190917072
pam_only	3	0.006666666666666667	0.3333333333333333	0.9521849682824212
pam_only	4	0.010666666666666666	0.5333333333333333	0.9517152484144368
pam_only	5	0.013333333333333334	0.7333333333333333	0.9502679051437448
pam_only	6	0.017333333333333333	1.0	0.9495761765401584
pam_only	7	0.020666666666666667	1.0	0.5970823889256139
pam_only	8	0.023333333333333334	1.0	0.5781912101785173
pam_only	9	0.025333333333333333	1.0	0.5746638731357668
pam_only	10	0.028	1.0	0.561633282725487
pam_only	11	0.028666666666666667	1.0	0.5406976040646317
pam_only	12	0.034666666666666665	1.0	0.4706466180366587
pam_only	13	0.04133333333333333	1.0	0.4592163460195063
pam_only	14	0.046	1.0	0.4466531180990305
pam_only	15	0.05333333333333334	1.0	0.4350527572111645
pam_only	16	0.056	1.0	0.418992886063613
pam_only	17	0.058	1.0	0.4167976075871101
pam_only	18	0.06266666666666666	1.0	0.4116770266009463
pam_only	19	0.06666666666666667	1.0	0.3987821206667845
pam_only	20	0.06933333333333333	1.0	0.3796627743581386
pam_only	21	0.07133333333333333	1.0	0.3767135734751678
pam_only	22	0.07533333333333334	1.0	0.2095672491039929
pam_only	23	0.082	1.0	0.1904715555496123
pam_only	24	0.086	1.0	0.1878343435404374
pam_only	25	0.08933333333333333	1.0	0.1873525606098146
pam_only	26	0.09133333333333334	1.0	0.1861992391073344
pam_only	27	0.09466666666666666	1.0	0.1848853885503273
pam_only	28	0.09666666666666666	1.0	0.1805813781310985
pam_only	29	0.10066666666666667	1.0	0.1754653342720407
pam_only	30	0.10266666666666667	1.0	0.1676371648692024
pam_only	31	0.10866666666666666	1.0	0.1675152646093609
pam_only	32	0.11133333333333334	1.0	0.1656108728006364
pam_only	33	0.11533333333333333	1.0	0.1584508440275208
pam_only	34	0.116	1.0	0.1559922254618407
pam_only	35	0.11866666666666667	1.0	0.1556757230748792
pam_only	36	0.12266666666666666	1.0	0.1501217845180265
pam_only	37	0.12466666666666666	1.0	0.148067868849074
pam_only	38	0.134	1.0	0.1162701264810085
pam_only	39	0.142	1.0	0.1129809926218417
pam_only	40	0.14866666666666667	1.0	0.1050948797389504
pam_only	41	0.154	1.0	0.1011065384196013
pam_only	42	0.16	1.0	0.1010685182582275
pam_only	43	0.16466666666666666	1.0	0.0977163766752528
pam_only	44	0.17	1.0	0.0965410038819652
pam_only	45	0.17666666666666667	1.0	0.0910288443420399
pam_only	46	0.178	1.0	0.0876466992170203
pam_only	47	0.18133333333333335	1.0	0.0570476754208636
pam_only	48	0.184	1.0	0.0546164003358818
pam_only	49	0.18733333333333332	1.0	0.0514298927754739
pam_only	50	0.19133333333333333	1.0	0.0497826721657019
pam_only	51	0.196	1.0	0.04749959902988
pam_only	52	0.2	1.0	0.0462452757429458
pam_only	53	0.20733333333333334	1.0	0.0413291773235586
pam_only	54	0.21066666666666667	1.0	0.0399805860607523
pam_only	55	0.21133333333333335	1.0	0.03939082531532
pam_only	56	0.21466666666666667	1.0	0.0335590084308418
pam_only	57	0.21866666666666668	1.0	0.0287112934998246
pam_only	58	0.22133333333333333	1.0	0.0263018841539408
pam_only	59	0.22533333333333333	1.0	0.0236929101434579
pam_only	60	0.22866666666666666	1.0	0.0212301580027876
pam_only	61	0.23133333333333334	1.0	0.0157551446704572
pam_only	62	0.24466666666666667	1.0	0.0144036891746783
pam_only	63	0.24733333333333332	1.0	0.0133954307121848
pam_only	64	0.24933333333333332	1.0	0.0133167165646704
pam_only	65	0.25	1.0	0.0123842374436381
pam_only	66	0.252	1.0	0.0102888226870967
pam_only	67	0.25466666666666665	1.0	0.0096754576760229
pam_only	68	0.26	1.0	0.0095297051971501
pam_only	69	0.26466666666666666	1.0	0.0093394718297945
pam_only	70	0.266	1.0	0.0093049651853301
pam_only	71	0.27266666666666667	1.0	0.0089919736725026
pam_only	72	0.278	1.0	0.008871555535386
pam_only	73	0.282	1.0	0.0085910553931417
pam_only	74	0.2833333333333333	1.0	0.008452786790666
pam_only	75	0.286	1.0	0.008398449100708
pam_only	76	0.288	1.0	0.008382134710112
pam_only	77	0.29133333333333333	1.0	0.0083017098007664
pam_only	78	0.294	1.0	0.0082416335110959
pam_only	79	0.29533333333333334	1.0	0.0082380207887783
pam_only	80	0.29933333333333334	1.0	0.0081612964870871
pam_only	81	0.306	1.0	0.0080765045608973
pam_only	82	0.30666666666666664	1.0	0.0080058557149673
pam_only	83	0.308	1.0	0.0079907489981377
pam_only	84	0.31066666666666665	1.0	0.0076407413991121
pam_only	85	0.31666666666666665	1.0	0.0071832353005679
pam_only	86	0.318	1.0	0.0071578795943253
pam_only	87	0.32266666666666666	1.0	0.006882057151404
pam_only	88	0.32866666666666666	1.0	0.0068025463898752
pam_only	89	0.3313333333333333	1.0	0.0067485872825933
pam_only	90	0.33466666666666667	1.0	0.006731795661907
pam_only	91	0.34	1.0	0.0067006960600574
pam_only	92	0.3406666666666667	1.0	0.0066349226252377
pam_only	93	0.3426666666666667	1.0	0.0064828259878654
pam_only	94	0.344	1.0	0.0064755376503395
pam_only	95	0.348	1.0	0.0064271473143193
pam_only	96	0.35133333333333333	1.0	0.006423871400812
pam_only	97	0.35533333333333333	1.0	0.0061987541464623
pam_only	98	0.3586666666666667	1.0	0.0061664051119425
pam_only	99	0.36133333333333334	1.0	0.0060013252847649
pam_only	100	0.36933333333333335	1.0	0.0058976562066867
pam_only	101	0.374	1.0	0.0057106428089424
pam_only	102	0.378	1.0	0.0056878885532775
pam_only	103	0.38066666666666665	1.0	0.0055781972975008
pam_only	104	0.3873333333333333	1.0	0.0049364979011401
pam_only	105	0.394	1.0	0.0047290720819408
pam_only	106	0.396	1.0	0.0046940995956939
pam_only	107	0.40066666666666667	1.0	0.004422870430243
pam_only	108	0.4026666666666667	1.0	0.0040967046129039
pam_only	109	0.4093333333333333	1.0	0.0039467082923453
pam_only	110	0.41733333333333333	1.0	0.0034357918917995
pam_only	111	0.42133333333333334	1.0	0.0027929896410217
pam_only	112	0.422	1.0	0.0027378793613767
pam_only	113	0.424	1.0	0.0026603042679485
pam_only	114	0.42866666666666664	1.0	0.0026452909602086
pam_only	115	0.43266666666666664	1.0	0.0025077924995346
pam_only	116	0.43533333333333335	1.0	0.002367259807211
pam_only	117	0.444	1.0	0.0023568407227961
pam_only	118	0.44666666666666666	1.0	0.0023324173936708
pam_only	119	0.448	1.0	0.0023096184357387
pam_only	120	0.45066666666666666	1.0	0.0022636902394316
pam_only	121	0.454	1.0	0.0021997873224162
pam_only	122	0.45466666666666666	1.0	0.0020924348275104
pam_only	123	0.4573333333333333	1.0	0.0020331104804624
pam_only	124	0.46066666666666667	1.0	0.0020033782359313
pam_only	125	0.4633333333333333	1.0	0.0018804196914547
pam_only	126	0.464	1.0	0.0018532294980148
pam_only	127	0.4706666666666667	1.0	0.0018346953820312
pam_only	128	0.4766666666666667	1.0	0.0018212152764845
pam_only	129	0.48133333333333334	1.0	0.0018178608657571
pam_only	130	0.484	1.0	0.0016411159804808
pam_only	131	0.488	1.0	0.0016104805146374
pam_only	132	0.49133333333333334	1.0	0.0016081001144509
pam_only	133	0.49266666666666664	1.0	0.001588860821947
pam_only	134	0.498	1.0	0.001556894582444
pam_only	135	0.504	1.0	0.0015113257964377
pam_only	136	0.508	1.0	0.0014694633150299
pam_only	137	0.5166666666666667	1.0	0.0014631972607049
pam_only	138	0.5193333333333333	1.0	0.0014194129264986
pam_only	139	0.5253333333333333	1.0	0.0014044122206734
pam_only	140	0.5266666666666666	1.0	0.0014038560100998
pam_only	141	0.5286666666666666	1.0	0.0013921119480199
pam_only	142	0.5313333333333333	1.0	0.0013595689505396
pam_only	143	0.5386666666666666	1.0	0.0013591452171399
pam_only	144	0.544	1.0	0.0013334174736868
pam_only	145	0.5473333333333333	1.0	0.0013230113932768
pam_only	146	0.5486666666666666	1.0	0.0013034238201904
pam_only	147	0.5566666666666666	1.0	0.001295584715356
pam_only	148	0.5613333333333334	1.0	0.0012555714555937
pam_only	149	0.5633333333333334	1.0	0.001193138995256
pam_only	150	0.564	1.0	0.0011474962402089
pam_only	151	0.5673333333333334	1.0	0.00114460524829
pam_only	152	0.57	1.0	0.0011379618010223
pam_only	153	0.5713333333333334	1.0	0.0011275580535051
pam_only	154	0.572	1.0	0.0011053620808999
pam_only	155	0.5813333333333334	1.0	0.0010844537869
pam_only	156	0.5846666666666667	1.0	0.0010719880689949
pam_only	157	0.5873333333333334	1.0	0.0010621868409666
pam_only	158	0.5913333333333334	1.0	0.0010506241438142
pam_only	159	0.592	1.0	0.0010387173587449
pam_only	160	0.5953333333333334	1.0	0.0010120433633076
pam_only	161	0.5966666666666667	1.0	0.0009993841226419
pam_only	162	0.6	1.0	0.000997764388267
pam_only	163	0.6006666666666667	1.0	0.00095872424764
pam_only	164	0.604	1.0	0.0009399110018127
pam_only	165	0.606	1.0	0.0009285923278843
pam_only	166	0.6066666666666667	1.0	0.0008908100439918
pam_only	167	0.6106666666666667	1.0	0.0008377366101267
pam_only	168	0.6153333333333333	1.0	0.0006541465452899
pam_only	169	0.6226666666666667	1.0	0.0006023652630953
pam_only	170	0.6253333333333333	1.0	0.0005478135321219
pam_only	171	0.632	1.0	0.0005092888157523
pam_only	172	0.6346666666666667	1.0	0.0005019147126344
pam_only	173	0.638	1.0	0.0004969688773458
pam_only	174	0.644	1.0	0.0004438080406706
pam_only	175	0.6506666666666666	1.0	0.0004094569536851
pam_only	176	0.6586666666666666	1.0	0.0004034542809835
pam_only	177	0.6613333333333333	1.0	0.0003905923806408
pam_only	178	0.6646666666666666	1.0	0.0003804369846115
pam_only	179	0.67	1.0	0.0003708999206218
pam_only	180	0.674	1.0	0.000357659804397
pam_only	181	0.6746666666666666	1.0	0.0003208154958962
pam_only	182	0.6793333333333333	1.0	0.0003091748601046
pam_only	183	0.6813333333333333	1.0	0.0003055497037322
pam_only	184	0.6893333333333334	1.0	0.0003022017727875
pam_only	185	0.6946666666666667	1.0	0.0002978132941237
pam_only	186	0.7006666666666667	1.0	0.0002926536364787
pam_only	187	0.702	1.0	0.0002852752770095
pam_only	188	0.706	1.0	0.0002816257897265
pam_only	189	0.7106666666666667	1.0	0.0002731891656712
pam_only	190	0.7133333333333334	1.0	0.0002524126236529
pam_only	191	0.7206666666666667	1.0	0.0002437793082955
pam_only	192	0.7246666666666667	1.0	0.00018927331704
pam_only	193	0.7273333333333334	1.0	0.000117774232896
pam_only	194	0.7366666666666667	1.0	0.0001084467896641
pam_only	195	0.742	1.0	0.0001082556688952
pam_only	196	0.7466666666666667	1.0	0.0001029654351328
pam_only	197	0.752	1.0	0.0001005293419247
pam_only	198	0.756	1.0	9.968199847077048e-05
pam_only	199	0.7606666666666667	1.0	9.767362396569207e-05
pam_only	200	0.7726666666666666	1.0	9.013601645565627e-05
pam_only	201	0.7746666666666666	1.0	8.636412648264483e-05
pam_only	202	0.778	1.0	8.587926053720116e-05
pam_only	203	0.786	1.0	8.508643517570471e-05
pam_only	204	0.7873333333333333	1.0	8.343966993500919e-05
pam_only	205	0.79	1.0	8.318973390989177e-05
pam_only	206	0.7966666666666666	1.0	8.198470565773044e-05
pam_only	207	0.798	1.0	7.991725586433018e-05
pam_only	208	0.802	1.0	7.866707626437072e-05
pam_only	209	0.8053333333333333	1.0	7.752755498556613e-05
pam_only	210	0.8073333333333333	1.0	7.751530798189138e-05
pam_only	211	0.8113333333333334	1.0	7.678206610613341e-05
pam_only	212	0.8213333333333334	1.0	7.301683681384282e-05
pam_only	213	0.824	1.0	7.262401224607109e-05
pam_only	214	0.828	1.0	7.030805690486522e-05
pam_only	215	0.8346666666666667	1.0	6.786751765524691e-05
pam_only	216	0.8353333333333334	1.0	6.690749504242185e-05
pam_only	217	0.8413333333333334	1.0	6.338768587779199e-05
pam_only	218	0.842	1.0	6.305592862293063e-05
pam_only	219	0.8453333333333334	1.0	6.247617451458696e-05
pam_only	220	0.8466666666666667	1.0	6.136625580375662e-05
pam_only	221	0.852	1.0	6.0043106686822646e-05
pam_only	222	0.8533333333333334	1.0	5.750832408522269e-05
pam_only	223	0.854	1.0	5.269112024746889e-05
pam_only	224	0.8566666666666667	1.0	4.981952703942434e-05
pam_only	225	0.86	1.0	4.89554363719169e-05
pam_only	226	0.8646666666666667	1.0	4.774847748571568e-05
pam_only	227	0.8706666666666667	1.0	4.5859145234893965e-05
pam_only	228	0.872	1.0	4.407930645508686e-05
pam_only	229	0.8726666666666667	1.0	4.392312711134235e-05
pam_only	230	0.8746666666666667	1.0	4.286866435707837e-05
pam_only	231	0.8773333333333333	1.0	4.15211571026983e-05
pam_only	232	0.8793333333333333	1.0	4.1122953733564506e-05
pam_only	233	0.8826666666666667	1.0	3.847825414904109e-05
pam_only	234	0.884	1.0	3.136630107028018e-05
pam_only	235	0.886	1.0	3.008897904435614e-05
pam_only	236	0.8926666666666667	1.0	2.012367399269124e-05
pam_only	237	0.8946666666666667	1.0	1.94819041734131e-05
pam_only	238	0.8993333333333333	1.0	1.852978285334881e-05
pam_only	239	0.9013333333333333	1.0	1.793884335852349e-05
pam_only	240	0.9046666666666666	1.0	1.7564226605127556e-05
pam_only	241	0.9073333333333333	1.0	1.7004079463542807e-05
pam_only	242	0.9126666666666666	1.0	1.6873023570952318e-05
pam_only	243	0.9166666666666666	1.0	1.6393675826929034e-05
pam_only	244	0.9186666666666666	1.0	1.617305265028889e-05
pam_only	245	0.924	1.0	1.6160681764179932e-05
pam_only	246	0.926	1.0	1.5701570705957123e-05
pam_only	247	0.9293333333333333	1.0	1.565727124882104e-05
pam_only	248	0.9306666666666666	1.0	1.48567570248632e-05
pam_only	249	0.9353333333333333	1.0	1.3994519103404412e-05
pam_only	250	0.9373333333333334	1.0	1.333542622883122e-05
pam_only	251	0.9406666666666667	1.0	1.3144904147213025e-05
pam_only	252	0.946	1.0	1.314224528012328e-05
pam_only	253	0.9473333333333334	1.0	1.2886983864112808e-05
pam_only	254	0.95	1.0	1.2845235940780846e-05
pam_only	255	0.9526666666666667	1.0	1.2520874580819357e-05
pam_only	256	0.9546666666666667	1.0	1.2382015376323842e-05
pam_only	257	0.9573333333333334	1.0	1.2342921777174434e-05
pam_only	258	0.958	1.0	1.2034899421114118e-05
pam_only	259	0.9613333333333334	1.0	1.1992268693259457e-05
pam_only	260	0.964	1.0	1.144684769404714e-05
pam_only	261	0.9713333333333334	1.0	1.1336431092683872e-05
pam_only	262	0.972	1.0	1.1086752230674396e-05
pam_only	263	0.9773333333333334	1.0	1.0746321520991802e-05
pam_only	264	0.9806666666666667	1.0	1.0648188404050062e-05
pam_only	265	0.9813333333333333	1.0	1.06352604118675e-05
pam_only	266	0.986	1.0	1.0590646715547165e-05
pam_only	267	0.988	1.0	1.0351301857650302e-05
pam_only	268	0.9893333333333333	1.0	1.0201349380705014e-05
pam_only	269	0.9933333333333333	1.0	1.0030199685553295e-05
pam_only	270	0.9946666666666667	1.0	8.730957054855969e-06
pam_only	271	0.9973333333333333	1.0	8.375400756044064e-06
pam_only	272	1.0	1.0	7.781578918261652e-06
mobile_only	1	0.0	0.0	inf
mobile_only	2	0.086	0.2	0.7915965403182769
mobile_only	3	0.154	0.4	0.7741836034870528
mobile_only	4	0.21733333333333332	0.6	0.77277883647846
mobile_only	5	0.24533333333333332	0.7333333333333333	0.7611661854598204
mobile_only	6	0.2733333333333333	0.9333333333333333	0.7451596719603985
mobile_only	7	0.44533333333333336	0.9333333333333333	0.1181186964999882
mobile_only	8	0.582	0.9333333333333333	0.1122966240409371
mobile_only	9	0.696	0.9333333333333333	0.1088988123471283
mobile_only	10	0.8013333333333333	0.9333333333333333	0.1072557520292522
mobile_only	11	1.0	1.0	0.0220444406881155
pam_plus_mobile	1	0.0	0.0	inf
pam_plus_mobile	2	0.002	0.13333333333333333	0.9715755755856726
pam_plus_mobile	3	0.004666666666666667	0.5333333333333333	0.9697169456611368
pam_plus_mobile	4	0.005333333333333333	0.7333333333333333	0.9683518867724976
pam_plus_mobile	5	0.005333333333333333	0.9333333333333333	0.9631627991952916
pam_plus_mobile	6	0.009333333333333334	0.9333333333333333	0.8451271578090106
pam_plus_mobile	7	0.012	0.9333333333333333	0.8246926410372939
pam_plus_mobile	8	0.013333333333333334	0.9333333333333333	0.8189330288452972
pam_plus_mobile	9	0.016	0.9333333333333333	0.778506113368446
pam_plus_mobile	10	0.018666666666666668	0.9333333333333333	0.7271662766141851
pam_plus_mobile	11	0.019333333333333334	0.9333333333333333	0.7051312924652205
pam_plus_mobile	12	0.022	0.9333333333333333	0.6448139962298254
pam_plus_mobile	13	0.024	0.9333333333333333	0.6238576776274192
pam_plus_mobile	14	0.025333333333333333	0.9333333333333333	0.6107768273197008
pam_plus_mobile	15	0.029333333333333333	1.0	0.5919531452781956
pam_plus_mobile	16	0.030666666666666665	1.0	0.5622650856573811
pam_plus_mobile	17	0.03333333333333333	1.0	0.419420652369837
pam_plus_mobile	18	0.03666666666666667	1.0	0.3647515879620442
pam_plus_mobile	19	0.042	1.0	0.3561107182520285
pam_plus_mobile	20	0.042666666666666665	1.0	0.3440740466313877
pam_plus_mobile	21	0.044	1.0	0.3186618453274933
pam_plus_mobile	22	0.04466666666666667	1.0	0.3100604973939271
pam_plus_mobile	23	0.046	1.0	0.3049695454128079
pam_plus_mobile	24	0.051333333333333335	1.0	0.2989756483958858
pam_plus_mobile	25	0.052	1.0	0.2894999904808856
pam_plus_mobile	26	0.05466666666666667	1.0	0.2785632760319873
pam_plus_mobile	27	0.058	1.0	0.2751252814450074
pam_plus_mobile	28	0.06	1.0	0.2645009265446145
pam_plus_mobile	29	0.06266666666666666	1.0	0.2574374794823249
pam_plus_mobile	30	0.06333333333333334	1.0	0.2523354850851674
pam_plus_mobile	31	0.066	1.0	0.2371466381868342
pam_plus_mobile	32	0.068	1.0	0.2361318096187289
pam_plus_mobile	33	0.06933333333333333	1.0	0.2247378846988871
pam_plus_mobile	34	0.072	1.0	0.2240648596438876
pam_plus_mobile	35	0.07533333333333334	1.0	0.2174618768933
pam_plus_mobile	36	0.07666666666666666	1.0	0.2131816843528956
pam_plus_mobile	37	0.07733333333333334	1.0	0.2107411874898168
pam_plus_mobile	38	0.07866666666666666	1.0	0.201720314492042
pam_plus_mobile	39	0.08	1.0	0.1949531374182124
pam_plus_mobile	40	0.08266666666666667	1.0	0.1897975903349283
pam_plus_mobile	41	0.08466666666666667	1.0	0.1863847650614197
pam_plus_mobile	42	0.08533333333333333	1.0	0.1848700559184033
pam_plus_mobile	43	0.088	1.0	0.1841890250025118
pam_plus_mobile	44	0.09	1.0	0.1779750467225437
pam_plus_mobile	45	0.09066666666666667	1.0	0.173676432758989
pam_plus_mobile	46	0.09666666666666666	1.0	0.1631893150033342
pam_plus_mobile	47	0.09933333333333333	1.0	0.1588036753404698
pam_plus_mobile	48	0.102	1.0	0.141571635937362
pam_plus_mobile	49	0.10466666666666667	1.0	0.1414841857545684
pam_plus_mobile	50	0.10533333333333333	1.0	0.1221792763044113
pam_plus_mobile	51	0.10933333333333334	1.0	0.1207494843433213
pam_plus_mobile	52	0.11133333333333334	1.0	0.1164559451913346
pam_plus_mobile	53	0.114	1.0	0.1118712519491984
pam_plus_mobile	54	0.118	1.0	0.1097725192219881
pam_plus_mobile	55	0.12133333333333333	1.0	0.108705197008443
pam_plus_mobile	56	0.12333333333333334	1.0	0.1064114584257503
pam_plus_mobile	57	0.12466666666666666	1.0	0.1001508791976857
pam_plus_mobile	58	0.12733333333333333	1.0	0.0945861641285449
pam_plus_mobile	59	0.128	1.0	0.0941528543551553
pam_plus_mobile	60	0.12933333333333333	1.0	0.0915431210444773
pam_plus_mobile	61	0.134	1.0	0.091508933135452
pam_plus_mobile	62	0.13733333333333334	1.0	0.084731851754666
pam_plus_mobile	63	0.13866666666666666	1.0	0.0820653245852148
pam_plus_mobile	64	0.14	1.0	0.0799602493307805
pam_plus_mobile	65	0.142	1.0	0.0772990585361791
pam_plus_mobile	66	0.14266666666666666	1.0	0.0733740539644138
pam_plus_mobile	67	0.14533333333333334	1.0	0.0712583603760436
pam_plus_mobile	68	0.14666666666666667	1.0	0.0682622913306291
pam_plus_mobile	69	0.14933333333333335	1.0	0.0644265553241147
pam_plus_mobile	70	0.15133333333333332	1.0	0.0632435967946053
pam_plus_mobile	71	0.15266666666666667	1.0	0.0593821857727155
pam_plus_mobile	72	0.156	1.0	0.058293126442033
pam_plus_mobile	73	0.15733333333333333	1.0	0.0577692673246087
pam_plus_mobile	74	0.16	1.0	0.0541537284246719
pam_plus_mobile	75	0.162	1.0	0.0532753914260044
pam_plus_mobile	76	0.16733333333333333	1.0	0.0432623085536855
pam_plus_mobile	77	0.17066666666666666	1.0	0.0428118092752649
pam_plus_mobile	78	0.172	1.0	0.0418419696585781
pam_plus_mobile	79	0.17666666666666667	1.0	0.0418350407063679
pam_plus_mobile	80	0.178	1.0	0.0414823350957686
pam_plus_mobile	81	0.18133333333333335	1.0	0.0414335364438392
pam_plus_mobile	82	0.186	1.0	0.0414006908779777
pam_plus_mobile	83	0.188	1.0	0.0400379766167524
pam_plus_mobile	84	0.18866666666666668	1.0	0.0386649301029881
pam_plus_mobile	85	0.19266666666666668	1.0	0.0363426396008081
pam_plus_mobile	86	0.19533333333333333	1.0	0.0361302135101586
pam_plus_mobile	87	0.19733333333333333	1.0	0.0351853610175667
pam_plus_mobile	88	0.19866666666666666	1.0	0.0351419656985779
pam_plus_mobile	89	0.20266666666666666	1.0	0.0344610264314122
pam_plus_mobile	90	0.20333333333333334	1.0	0.0344374696517562
pam_plus_mobile	91	0.206	1.0	0.0333030748965227
pam_plus_mobile	92	0.20733333333333334	1.0	0.032833981564799
pam_plus_mobile	93	0.21133333333333335	1.0	0.0323500694353483
pam_plus_mobile	94	0.21333333333333335	1.0	0.0313240516577799
pam_plus_mobile	95	0.216	1.0	0.0308743560258642
pam_plus_mobile	96	0.21733333333333332	1.0	0.0307772971286293
pam_plus_mobile	97	0.218	1.0	0.028796258033632
pam_plus_mobile	98	0.22	1.0	0.0282814588873006
pam_plus_mobile	99	0.22266666666666668	1.0	0.0279176377621516
pam_plus_mobile	100	0.22466666666666665	1.0	0.0264432480097686
pam_plus_mobile	101	0.22533333333333333	1.0	0.0263819092594251
pam_plus_mobile	102	0.22666666666666666	1.0	0.0252855197167403
pam_plus_mobile	103	0.22866666666666666	1.0	0.0239205662061671
pam_plus_mobile	104	0.23333333333333334	1.0	0.0227473238163666
pam_plus_mobile	105	0.23733333333333334	1.0	0.0223967661157692
pam_plus_mobile	106	0.23866666666666667	1.0	0.0217877501110643
pam_plus_mobile	107	0.24133333333333334	1.0	0.0208575686848633
pam_plus_mobile	108	0.24333333333333335	1.0	0.0207653721135499
pam_plus_mobile	109	0.246	1.0	0.0205640206962629
pam_plus_mobile	110	0.24933333333333332	1.0	0.0200687359445754
pam_plus_mobile	111	0.25066666666666665	1.0	0.0198393292146947
pam_plus_mobile	112	0.25666666666666665	1.0	0.0195627140105398
pam_plus_mobile	113	0.26	1.0	0.0192797197323443
pam_plus_mobile	114	0.2613333333333333	1.0	0.0191565130241014
pam_plus_mobile	115	0.264	1.0	0.0175889732968445
pam_plus_mobile	116	0.26666666666666666	1.0	0.016730405425251
pam_plus_mobile	117	0.27	1.0	0.0163664436247162
pam_plus_mobile	118	0.27066666666666667	1.0	0.0161610907133802
pam_plus_mobile	119	0.2773333333333333	1.0	0.0157691942717753
pam_plus_mobile	120	0.28	1.0	0.0149711891416818
pam_plus_mobile	121	0.2853333333333333	1.0	0.0138976996250956
pam_plus_mobile	122	0.286	1.0	0.0137579669252498
pam_plus_mobile	123	0.28733333333333333	1.0	0.0137276616374399
pam_plus_mobile	124	0.29133333333333333	1.0	0.0137217473083885
pam_plus_mobile	125	0.2966666666666667	1.0	0.0133594626618119
pam_plus_mobile	126	0.2986666666666667	1.0	0.0126995286509749
pam_plus_mobile	127	0.30133333333333334	1.0	0.0123498315054832
pam_plus_mobile	128	0.304	1.0	0.0120570892517672
pam_plus_mobile	129	0.30466666666666664	1.0	0.011694144354837
pam_plus_mobile	130	0.30866666666666664	1.0	0.0113212124631337
pam_plus_mobile	131	0.31133333333333335	1.0	0.0110773616490848
pam_plus_mobile	132	0.314	1.0	0.0104006507862916
pam_plus_mobile	133	0.31533333333333335	1.0	0.0103060217447632
pam_plus_mobile	134	0.31733333333333336	1.0	0.0102418898326552
pam_plus_mobile	135	0.32066666666666666	1.0	0.0101096368087096
pam_plus_mobile	136	0.32466666666666666	1.0	0.0096201540571248
pam_plus_mobile	137	0.32666666666666666	1.0	0.0096017216696482
pam_plus_mobile	138	0.3273333333333333	1.0	0.0094203944055074
pam_plus_mobile	139	0.3293333333333333	1.0	0.0090673534949074
pam_plus_mobile	140	0.33	1.0	0.0084836841512546
pam_plus_mobile	141	0.3313333333333333	1.0	0.0083285160093303
pam_plus_mobile	142	0.3373333333333333	1.0	0.0077259297315828
pam_plus_mobile	143	0.33866666666666667	1.0	0.0073990577700371
pam_plus_mobile	144	0.34	1.0	0.0068216549458922
pam_plus_mobile	145	0.344	1.0	0.006609312662443
pam_plus_mobile	146	0.3446666666666667	1.0	0.0063501101438026
pam_plus_mobile	147	0.346	1.0	0.0063462289101201
pam_plus_mobile	148	0.3466666666666667	1.0	0.0062876154297224
pam_plus_mobile	149	0.3486666666666667	1.0	0.0062860391319078
pam_plus_mobile	150	0.35133333333333333	1.0	0.006276394025646
pam_plus_mobile	151	0.3526666666666667	1.0	0.0060575383869545
pam_plus_mobile	152	0.35533333333333333	1.0	0.0057600145030316
pam_plus_mobile	153	0.3566666666666667	1.0	0.0057321900549364
pam_plus_mobile	154	0.35933333333333334	1.0	0.0053531799982869
pam_plus_mobile	155	0.36333333333333334	1.0	0.0053307099207252
pam_plus_mobile	156	0.364	1.0	0.0052616924284515
pam_plus_mobile	157	0.36666666666666664	1.0	0.0052601320119903
pam_plus_mobile	158	0.368	1.0	0.0051456855725891
pam_plus_mobile	159	0.36866666666666664	1.0	0.0050672467305152
pam_plus_mobile	160	0.37066666666666664	1.0	0.004963634072919
pam_plus_mobile	161	0.37133333333333335	1.0	0.0048281927117502
pam_plus_mobile	162	0.374	1.0	0.0047869989294442
pam_plus_mobile	163	0.37533333333333335	1.0	0.004781724442439
pam_plus_mobile	164	0.376	1.0	0.0047720930977877
pam_plus_mobile	165	0.37933333333333336	1.0	0.0046309903086559
pam_plus_mobile	166	0.38	1.0	0.0044519053294973
pam_plus_mobile	167	0.38266666666666665	1.0	0.0043434958557801
pam_plus_mobile	168	0.38466666666666666	1.0	0.0043196258960078
pam_plus_mobile	169	0.3893333333333333	1.0	0.0042796134147381
pam_plus_mobile	170	0.39	1.0	0.0042723881262476
pam_plus_mobile	171	0.3953333333333333	1.0	0.004264313245107
pam_plus_mobile	172	0.396	1.0	0.0042389691230699
pam_plus_mobile	173	0.398	1.0	0.0042124295188889
pam_plus_mobile	174	0.40066666666666667	1.0	0.0041537663760625
pam_plus_mobile	175	0.4013333333333333	1.0	0.0041319854013584
pam_plus_mobile	176	0.4053333333333333	1.0	0.0040070740603742
pam_plus_mobile	177	0.4086666666666667	1.0	0.0038979705288085
pam_plus_mobile	178	0.414	1.0	0.0038920188590371
pam_plus_mobile	179	0.4146666666666667	1.0	0.0038661886400552
pam_plus_mobile	180	0.418	1.0	0.0037847084066359
pam_plus_mobile	181	0.41933333333333334	1.0	0.0037803352272042
pam_plus_mobile	182	0.42	1.0	0.0037154551954489
pam_plus_mobile	183	0.42133333333333334	1.0	0.0037087442281712
pam_plus_mobile	184	0.42333333333333334	1.0	0.0036506479227528
pam_plus_mobile	185	0.42733333333333334	1.0	0.0035338428414286
pam_plus_mobile	186	0.428	1.0	0.0034195254538974
pam_plus_mobile	187	0.43	1.0	0.0033640539077153
pam_plus_mobile	188	0.43266666666666664	1.0	0.00329574619876
pam_plus_mobile	189	0.434	1.0	0.003263215118963
pam_plus_mobile	190	0.436	1.0	0.0032361345793989
pam_plus_mobile	191	0.43733333333333335	1.0	0.0031886451523381
pam_plus_mobile	192	0.44333333333333336	1.0	0.0030207260647392
pam_plus_mobile	193	0.444	1.0	0.0029958878858553
pam_plus_mobile	194	0.44866666666666666	1.0	0.002986193659287
pam_plus_mobile	195	0.4493333333333333	1.0	0.0029803980636107
pam_plus_mobile	196	0.4513333333333333	1.0	0.0029690311336199
pam_plus_mobile	197	0.454	1.0	0.0029567174996443
pam_plus_mobile	198	0.4573333333333333	1.0	0.0029378996371756
pam_plus_mobile	199	0.45866666666666667	1.0	0.002935026931479
pam_plus_mobile	200	0.46266666666666667	1.0	0.0029210408823842
pam_plus_mobile	201	0.464	1.0	0.0029037360938651
pam_plus_mobile	202	0.468	1.0	0.002882556896059
pam_plus_mobile	203	0.4686666666666667	1.0	0.0028136783520653
pam_plus_mobile	204	0.4713333333333333	1.0	0.0026962907126278
pam_plus_mobile	205	0.4746666666666667	1.0	0.0026750578106991
pam_plus_mobile	206	0.47533333333333333	1.0	0.0026453345895286
pam_plus_mobile	207	0.482	1.0	0.0024699244413106
pam_plus_mobile	208	0.484	1.0	0.0024577348638538
pam_plus_mobile	209	0.48533333333333334	1.0	0.0023954423209244
pam_plus_mobile	210	0.49066666666666664	1.0	0.002385459988223
pam_plus_mobile	211	0.49333333333333335	1.0	0.0023206420900296
pam_plus_mobile	212	0.494	1.0	0.0022631856334003
pam_plus_mobile	213	0.49733333333333335	1.0	0.0022343690917058
pam_plus_mobile	214	0.5	1.0	0.0022262722196141
pam_plus_mobile	215	0.504	1.0	0.0022071088934529
pam_plus_mobile	216	0.5066666666666667	1.0	0.0021499828916732
pam_plus_mobile	217	0.5133333333333333	1.0	0.0021491433715646
pam_plus_mobile	218	0.514	1.0	0.0021083937843538
pam_plus_mobile	219	0.516	1.0	0.0021026408925386
pam_plus_mobile	220	0.5186666666666667	1.0	0.0020776114777907
pam_plus_mobile	221	0.526	1.0	0.0020167409106591
pam_plus_mobile	222	0.53	1.0	0.0019495497971575
pam_plus_mobile	223	0.5313333333333333	1.0	0.0018180973546352
pam_plus_mobile	224	0.5366666666666666	1.0	0.0018112857760878
pam_plus_mobile	225	0.5373333333333333	1.0	0.001758838035279
pam_plus_mobile	226	0.5453333333333333	1.0	0.0015495591585823
pam_plus_mobile	227	0.5493333333333333	1.0	0.001520570773725
pam_plus_mobile	228	0.552	1.0	0.0015052036619383
pam_plus_mobile	229	0.5533333333333333	1.0	0.0013929137376839
pam_plus_mobile	230	0.5546666666666666	1.0	0.0013446082438172
pam_plus_mobile	231	0.558	1.0	0.00127001754644
pam_plus_mobile	232	0.5593333333333333	1.0	0.001251595036925
pam_plus_mobile	233	0.562	1.0	0.0012342613900531
pam_plus_mobile	234	0.564	1.0	0.0011891638709375
pam_plus_mobile	235	0.5666666666666667	1.0	0.0011889585939801
pam_plus_mobile	236	0.5673333333333334	1.0	0.0011705456235228
pam_plus_mobile	237	0.5726666666666667	1.0	0.001118982290848
pam_plus_mobile	238	0.5773333333333334	1.0	0.0010857367923002
pam_plus_mobile	239	0.5793333333333334	1.0	0.0009982941877199
pam_plus_mobile	240	0.5806666666666667	1.0	0.0009959407690272
pam_plus_mobile	241	0.5826666666666667	1.0	0.0009721191382223
pam_plus_mobile	242	0.584	1.0	0.0009704882079067
pam_plus_mobile	243	0.5893333333333334	1.0	0.0009424721404599
pam_plus_mobile	244	0.5933333333333334	1.0	0.0009388411767938
pam_plus_mobile	245	0.594	1.0	0.0009247071679725
pam_plus_mobile	246	0.596	1.0	0.0009079051060293
pam_plus_mobile	247	0.5993333333333334	1.0	0.0008939775651212
pam_plus_mobile	248	0.6006666666666667	1.0	0.0008928965740019
pam_plus_mobile	249	0.6013333333333334	1.0	0.0008826145535015
pam_plus_mobile	250	0.6033333333333334	1.0	0.000864514587047
pam_plus_mobile	251	0.6073333333333333	1.0	0.0008506756393923
pam_plus_mobile	252	0.608	1.0	0.0008492844987584
pam_plus_mobile	253	0.6153333333333333	1.0	0.0008425690568001
pam_plus_mobile	254	0.616	1.0	0.0008256255290868
pam_plus_mobile	255	0.6173333333333333	1.0	0.0008085975804595
pam_plus_mobile	256	0.6193333333333333	1.0	0.0007968908890665
pam_plus_mobile	257	0.6206666666666667	1.0	0.0007658326401571
pam_plus_mobile	258	0.6233333333333333	1.0	0.000759266158151
pam_plus_mobile	259	0.624	1.0	0.0007381130247068
pam_plus_mobile	260	0.6253333333333333	1.0	0.0007300127450549
pam_plus_mobile	261	0.6273333333333333	1.0	0.0007067582733315
pam_plus_mobile	262	0.6286666666666667	1.0	0.0006926827457385
pam_plus_mobile	263	0.6313333333333333	1.0	0.0006917135092656
pam_plus_mobile	264	0.6333333333333333	1.0	0.0006831877235899
pam_plus_mobile	265	0.638	1.0	0.0006766761497383
pam_plus_mobile	266	0.6393333333333333	1.0	0.0006481120728121
pam_plus_mobile	267	0.6413333333333333	1.0	0.0006414834948225
pam_plus_mobile	268	0.6446666666666667	1.0	0.0006349303824756
pam_plus_mobile	269	0.6466666666666666	1.0	0.0006283166756426
pam_plus_mobile	270	0.648	1.0	0.0006211098355141
pam_plus_mobile	271	0.6486666666666666	1.0	0.000617296507219
pam_plus_mobile	272	0.6506666666666666	1.0	0.0006169535519531
pam_plus_mobile	273	0.654	1.0	0.0006124900147992
pam_plus_mobile	274	0.6566666666666666	1.0	0.0005998693322346
pam_plus_mobile	275	0.6586666666666666	1.0	0.0005997628638844
pam_plus_mobile	276	0.6593333333333333	1.0	0.000594889945871
pam_plus_mobile	277	0.6606666666666666	1.0	0.0005911384203341
pam_plus_mobile	278	0.6633333333333333	1.0	0.0005839700490159
pam_plus_mobile	279	0.6653333333333333	1.0	0.0005827900876741
pam_plus_mobile	280	0.666	1.0	0.0005805932021708
pam_plus_mobile	281	0.6673333333333333	1.0	0.0005778104967372
pam_plus_mobile	282	0.6693333333333333	1.0	0.0005774355213074
pam_plus_mobile	283	0.6733333333333333	1.0	0.0005524062636317
pam_plus_mobile	284	0.674	1.0	0.00055066911052
pam_plus_mobile	285	0.676	1.0	0.0005472208008806
pam_plus_mobile	286	0.6793333333333333	1.0	0.0005447209507357
pam_plus_mobile	287	0.6846666666666666	1.0	0.0005356811184048
pam_plus_mobile	288	0.6873333333333334	1.0	0.0005204857381882
pam_plus_mobile	289	0.6893333333333334	1.0	0.0005136731818335
pam_plus_mobile	290	0.69	1.0	0.000495472576866
pam_plus_mobile	291	0.694	1.0	0.0004777391109304
pam_plus_mobile	292	0.6973333333333334	1.0	0.0004762179617314
pam_plus_mobile	293	0.7	1.0	0.0004728103877507
pam_plus_mobile	294	0.702	1.0	0.0004711636443319
pam_plus_mobile	295	0.7053333333333334	1.0	0.0004659722455984
pam_plus_mobile	296	0.706	1.0	0.0004650711980429
pam_plus_mobile	297	0.7113333333333334	1.0	0.0004379853206131
pam_plus_mobile	298	0.714	1.0	0.000429570626067
pam_plus_mobile	299	0.7193333333333334	1.0	0.0004285552773203
pam_plus_mobile	300	0.7206666666666667	1.0	0.0004131079896832
pam_plus_mobile	301	0.7233333333333334	1.0	0.0004001469323033
pam_plus_mobile	302	0.7246666666666667	1.0	0.000396969058829
pam_plus_mobile	303	0.728	1.0	0.0003963876946974
pam_plus_mobile	304	0.7286666666666667	1.0	0.0003932073414305
pam_plus_mobile	305	0.7313333333333333	1.0	0.0003783921259172
pam_plus_mobile	306	0.7333333333333333	1.0	0.0003639372431127
pam_plus_mobile	307	0.736	1.0	0.0003571732042586
pam_plus_mobile	308	0.7393333333333333	1.0	0.0003543562887267
pam_plus_mobile	309	0.7406666666666667	1.0	0.0003517226170691
pam_plus_mobile	310	0.742	1.0	0.0003419833111208
pam_plus_mobile	311	0.7473333333333333	1.0	0.0003213342327021
pam_plus_mobile	312	0.75	1.0	0.0003073549343493
pam_plus_mobile	313	0.754	1.0	0.0002975184101197
pam_plus_mobile	314	0.7573333333333333	1.0	0.0002972634000638
pam_plus_mobile	315	0.764	1.0	0.000296828921113
pam_plus_mobile	316	0.7653333333333333	1.0	0.0002679382838177
pam_plus_mobile	317	0.766	1.0	0.0002674779939335
pam_plus_mobile	318	0.77	1.0	0.0002487975797913
pam_plus_mobile	319	0.7713333333333333	1.0	0.0002459278550674
pam_plus_mobile	320	0.778	1.0	0.0002419178235213
pam_plus_mobile	321	0.7793333333333333	1.0	0.0002330344500812
pam_plus_mobile	322	0.782	1.0	0.0002218527662422
pam_plus_mobile	323	0.7853333333333333	1.0	0.000197923969137
pam_plus_mobile	324	0.7866666666666666	1.0	0.0001924068016873
pam_plus_mobile	325	0.79	1.0	0.0001816145152761
pam_plus_mobile	326	0.7933333333333333	1.0	0.0001705158683537
pam_plus_mobile	327	0.796	1.0	0.0001681315734042
pam_plus_mobile	328	0.7973333333333333	1.0	0.0001679761209879
pam_plus_mobile	329	0.7993333333333333	1.0	0.0001666941757889
pam_plus_mobile	330	0.8006666666666666	1.0	0.0001437540929831
pam_plus_mobile	331	0.8026666666666666	1.0	0.0001409957440283
pam_plus_mobile	332	0.8053333333333333	1.0	0.0001397467098471
pam_plus_mobile	333	0.8093333333333333	1.0	0.0001330623505674
pam_plus_mobile	334	0.8113333333333334	1.0	0.0001307112824053
pam_plus_mobile	335	0.812	1.0	0.0001292528999188
pam_plus_mobile	336	0.8153333333333334	1.0	0.0001258385615398
pam_plus_mobile	337	0.8173333333333334	1.0	0.0001229092698134
pam_plus_mobile	338	0.8206666666666667	1.0	0.0001222811252522
pam_plus_mobile	339	0.822	1.0	0.0001188722654451
pam_plus_mobile	340	0.8246666666666667	1.0	0.0001154999044564
pam_plus_mobile	341	0.8266666666666667	1.0	0.0001144382213155
pam_plus_mobile	342	0.828	1.0	0.0001142137097402
pam_plus_mobile	343	0.8313333333333334	1.0	0.0001101477326086
pam_plus_mobile	344	0.832	1.0	0.0001093117329731
pam_plus_mobile	345	0.834	1.0	0.0001062643855528
pam_plus_mobile	346	0.8346666666666667	1.0	0.0001030223935699
pam_plus_mobile	347	0.8386666666666667	1.0	0.0001010480124243
pam_plus_mobile	348	0.8393333333333334	1.0	9.988457144139508e-05
pam_plus_mobile	349	0.8406666666666667	1.0	9.763810043205924e-05
pam_plus_mobile	350	0.8446666666666667	1.0	9.560124847084512e-05
pam_plus_mobile	351	0.846	1.0	9.480968513826344e-05
pam_plus_mobile	352	0.8486666666666667	1.0	9.347706178538444e-05
pam_plus_mobile	353	0.85	1.0	9.336536126730824e-05
pam_plus_mobile	354	0.8506666666666667	1.0	9.316550218532068e-05
pam_plus_mobile	355	0.854	1.0	9.274591082301408e-05
pam_plus_mobile	356	0.8566666666666667	1.0	9.23452165377068e-05
pam_plus_mobile	357	0.86	1.0	9.21665825626519e-05
pam_plus_mobile	358	0.864	1.0	8.879261037104387e-05
pam_plus_mobile	359	0.8666666666666667	1.0	8.579693588274422e-05
pam_plus_mobile	360	0.8693333333333333	1.0	8.421671412675965e-05
pam_plus_mobile	361	0.8713333333333333	1.0	8.280893505305618e-05
pam_plus_mobile	362	0.8726666666666667	1.0	8.239093857051966e-05
pam_plus_mobile	363	0.8766666666666667	1.0	7.807348500150378e-05
pam_plus_mobile	364	0.878	1.0	7.790912802827472e-05
pam_plus_mobile	365	0.88	1.0	7.489439946995782e-05
pam_plus_mobile	366	0.8833333333333333	1.0	7.274880146968499e-05
pam_plus_mobile	367	0.8846666666666667	1.0	7.258424308994112e-05
pam_plus_mobile	368	0.8873333333333333	1.0	7.014930336870832e-05
pam_plus_mobile	369	0.89	1.0	6.885924756905404e-05
pam_plus_mobile	370	0.8906666666666667	1.0	6.761989571618235e-05
pam_plus_mobile	371	0.8933333333333333	1.0	6.547175439419362e-05
pam_plus_mobile	372	0.8973333333333333	1.0	6.276874930321632e-05
pam_plus_mobile	373	0.9	1.0	6.069580246309498e-05
pam_plus_mobile	374	0.9013333333333333	1.0	5.88994765973676e-05
pam_plus_mobile	375	0.9026666666666666	1.0	5.2000419659790415e-05
pam_plus_mobile	376	0.904	1.0	4.897611415073402e-05
pam_plus_mobile	377	0.91	1.0	4.42328400048902e-05
pam_plus_mobile	378	0.9113333333333333	1.0	3.9541084982391885e-05
pam_plus_mobile	379	0.9133333333333333	1.0	3.941575828214292e-05
pam_plus_mobile	380	0.914	1.0	3.791394594806053e-05
pam_plus_mobile	381	0.9166666666666666	1.0	3.696853701426901e-05
pam_plus_mobile	382	0.9173333333333333	1.0	3.598158302676744e-05
pam_plus_mobile	383	0.9186666666666666	1.0	3.3025160703364e-05
pam_plus_mobile	384	0.9213333333333333	1.0	3.13408981618768e-05
pam_plus_mobile	385	0.9226666666666666	1.0	2.951511006086058e-05
pam_plus_mobile	386	0.926	1.0	2.8892598857480167e-05
pam_plus_mobile	387	0.928	1.0	2.848146537638756e-05
pam_plus_mobile	388	0.9293333333333333	1.0	2.6694041911206506e-05
pam_plus_mobile	389	0.934	1.0	2.651862659566922e-05
pam_plus_mobile	390	0.9353333333333333	1.0	2.5619603954413512e-05
pam_plus_mobile	391	0.936	1.0	2.54604081740712e-05
pam_plus_mobile	392	0.9373333333333334	1.0	2.5088877180156e-05
pam_plus_mobile	393	0.9393333333333334	1.0	2.4750575550267752e-05
pam_plus_mobile	394	0.9486666666666667	1.0	2.1775310109729468e-05
pam_plus_mobile	395	0.9493333333333334	1.0	2.159560433625021e-05
pam_plus_mobile	396	0.9526666666666667	1.0	1.991693165142451e-05
pam_plus_mobile	397	0.954	1.0	1.953147149668173e-05
pam_plus_mobile	398	0.9573333333333334	1.0	1.851842576672516e-05
pam_plus_mobile	399	0.958	1.0	1.8409113302078216e-05
pam_plus_mobile	400	0.9606666666666667	1.0	1.6996837212865588e-05
pam_plus_mobile	401	0.9666666666666667	1.0	1.59777496004104e-05
pam_plus_mobile	402	0.9686666666666667	1.0	1.4552375800793264e-05
pam_plus_mobile	403	0.972	1.0	1.3716099276434342e-05
pam_plus_mobile	404	0.974	1.0	1.3648119989796894e-05
pam_plus_mobile	405	0.9773333333333334	1.0	1.3642007973165342e-05
pam_plus_mobile	406	0.9833333333333333	1.0	1.1895796988160836e-05
pam_plus_mobile	407	0.986	1.0	1.1313131954909222e-05
pam_plus_mobile	408	0.9893333333333333	1.0	1.0064239194736296e-05
pam_plus_mobile	409	0.9906666666666667	1.0	9.247881122375147e-06
pam_plus_mobile	410	0.996	1.0	8.735006075630742e-06
pam_plus_mobile	411	1.0	1.0	6.2631052541321575e-06
