pair_label	X_tree_distance	Y_spacer_Jaccard	shared_spacers	union_spacers
SQR-21 vs CF05	0.038191776	0.7090909090909091	39	55
ZJ-9 vs ZLZ-12	0.046609764	0.9130434782608696	21	23
C12 vs MEZ6	0.191595441	0.3620689655172414	21	58
SQR-21 vs T1-8	0.194927835	0.0	0	113
CF05 vs T1-8	0.197425681	0.0	0	119
T1-8 vs ZLZ-12	0.240000488	0.0	0	90
ZJ-9 vs T1-8	0.244479166	0.0	0	92
SQR-21 vs ZLZ-12	0.253940687	0.1016949152542373	6	59
L29 vs SS44	0.25493899	0.0	0	62
CF05 vs ZLZ-12	0.2564385329999999	0.0923076923076923	6	65
SQR-21 vs ZJ-9	0.258419365	0.0983606557377049	6	61
MEZ6 vs T1-8	0.2585455187	0.0	0	108
CF05 vs ZJ-9	0.260917211	0.0895522388059701	6	67
C12 vs T1-8	0.2671463577	0.0	0	109
MEZ6 vs R 6.14	0.268424895	0.0	0	61
MEZ6 vs ZLZ-12	0.2694075167	0.3636363636363636	16	44
SQR-21 vs MEZ6	0.2724857176999999	0.0779220779220779	6	77
ZJ-9 vs MEZ6	0.2738861947	0.4090909090909091	18	44
CF05 vs MEZ6	0.2749835637	0.072289156626506	6	83
C12 vs R 6.14	0.277025734	0.2653061224489796	13	49
C12 vs ZLZ-12	0.2780083557	0.3260869565217391	15	46
SQR-21 vs C12	0.2810865567	0.0769230769230769	6	78
ZJ-9 vs C12	0.2824870337	0.3404255319148936	16	47
CF05 vs C12	0.2835844026999999	0.0714285714285714	6	84
R 6.14 vs T1-8	0.2870926237	0.0	0	91
L29 vs T1-8	0.2891074686	0.0	0	114
R 6.14 vs ZLZ-12	0.2979546217	0.0	0	43
MEZ6 vs L29	0.2991246019	0.0	0	84
L29 vs ZLZ-12	0.2999694666	0.0	0	66
SQR-21 vs R 6.14	0.3010328227	0.0	0	66
ZJ-9 vs R 6.14	0.3024332997	0.0	0	45
SQR-21 vs L29	0.3030476676	0.0	0	89
CF05 vs R 6.14	0.3035306687	0.0	0	72
ZJ-9 vs L29	0.3044481446	0.0	0	68
CF05 vs L29	0.3055455136	0.0	0	95
C12 vs L29	0.3077254409	0.0	0	85
T1-8 vs SS44	0.3172064986	0.0	0	86
MEZ6 vs SS44	0.3272236319	0.0	0	56
R 6.14 vs L29	0.3276717069	0.0	0	67
ZLZ-12 vs SS44	0.3280684966	0.0	0	38
SQR-21 vs SS44	0.3311466976	0.0	0	61
ZJ-9 vs SS44	0.3325471746	0.0	0	40
CF05 vs SS44	0.3336445436	0.0	0	67
C12 vs SS44	0.3358244709	0.0555555555555555	3	54
R 6.14 vs SS44	0.3557707369	0.0833333333333333	3	36
