accession	status	exit_code	started	finished	output_directory	log_file
GCF_000597985.1	completed_existing	0	2026-09-10T11:42:27+0800	2026-09-10T11:42:27+0800	<home>/Academia/AgriPAM-AI/crispr_detection/cctyper_1.8.0/GCF_000597985.1	<home>/Academia/AgriPAM-AI/crispr_detection/logs/GCF_000597985.1.log
GCF_000785455.1	completed	0	2026-09-10T11:42:27+0800	2026-09-10T11:44:23+0800	<home>/Academia/AgriPAM-AI/crispr_detection/cctyper_1.8.0/GCF_000785455.1	<home>/Academia/AgriPAM-AI/crispr_detection/logs/GCF_000785455.1.log
GCF_002893885.1	completed_no_crispr	0	2026-09-10T11:44:23+0800	2026-09-10T11:46:15+0800	<home>/Academia/AgriPAM-AI/crispr_detection/cctyper_1.8.0/GCF_002893885.1	<home>/Academia/AgriPAM-AI/crispr_detection/logs/GCF_002893885.1.log
GCF_006274405.1	completed_no_crispr	0	2026-09-10T11:46:15+0800	2026-09-10T11:48:09+0800	<home>/Academia/AgriPAM-AI/crispr_detection/cctyper_1.8.0/GCF_006274405.1	<home>/Academia/AgriPAM-AI/crispr_detection/logs/GCF_006274405.1.log
GCF_020181695.1	completed	0	2026-09-10T11:54:48+0800	2026-09-10T11:56:42+0800	<home>/Academia/AgriPAM-AI/crispr_detection/cctyper_1.8.0/GCF_020181695.1	<home>/Academia/AgriPAM-AI/crispr_detection/logs/GCF_020181695.1.log
GCF_022492955.1	completed	0	2026-09-10T11:56:42+0800	2026-09-10T11:58:31+0800	<home>/Academia/AgriPAM-AI/crispr_detection/cctyper_1.8.0/GCF_022492955.1	<home>/Academia/AgriPAM-AI/crispr_detection/logs/GCF_022492955.1.log
GCF_022649565.1	completed	0	2026-09-10T11:58:31+0800	2026-09-10T12:00:25+0800	<home>/Academia/AgriPAM-AI/crispr_detection/cctyper_1.8.0/GCF_022649565.1	<home>/Academia/AgriPAM-AI/crispr_detection/logs/GCF_022649565.1.log
GCF_withheld	completed	0	2026-09-10T12:00:25+0800	2026-09-10T12:02:17+0800	<home>/Academia/AgriPAM-AI/crispr_detection/cctyper_1.8.0/GCF_withheld	<home>/Academia/AgriPAM-AI/crispr_detection/logs/GCF_withheld.log
GCF_023374295.1	completed	0	2026-09-10T12:02:17+0800	2026-09-10T12:04:13+0800	<home>/Academia/AgriPAM-AI/crispr_detection/cctyper_1.8.0/GCF_023374295.1	<home>/Academia/AgriPAM-AI/crispr_detection/logs/GCF_023374295.1.log
GCF_023586645.2	completed	0	2026-09-10T12:04:13+0800	2026-09-10T12:06:04+0800	<home>/Academia/AgriPAM-AI/crispr_detection/cctyper_1.8.0/GCF_023586645.2	<home>/Academia/AgriPAM-AI/crispr_detection/logs/GCF_023586645.2.log
GCF_023586785.2	completed	0	2026-09-10T12:06:04+0800	2026-09-10T12:07:59+0800	<home>/Academia/AgriPAM-AI/crispr_detection/cctyper_1.8.0/GCF_023586785.2	<home>/Academia/AgriPAM-AI/crispr_detection/logs/GCF_023586785.2.log
GCF_025720855.1	completed	0	2026-09-10T12:07:59+0800	2026-09-10T12:09:50+0800	<home>/Academia/AgriPAM-AI/crispr_detection/cctyper_1.8.0/GCF_025720855.1	<home>/Academia/AgriPAM-AI/crispr_detection/logs/GCF_025720855.1.log
GCF_029203955.1	completed	0	2026-09-10T12:09:50+0800	2026-09-10T12:11:42+0800	<home>/Academia/AgriPAM-AI/crispr_detection/cctyper_1.8.0/GCF_029203955.1	<home>/Academia/AgriPAM-AI/crispr_detection/logs/GCF_029203955.1.log
GCF_030122785.1	completed	0	2026-09-10T12:11:42+0800	2026-09-10T12:13:36+0800	<home>/Academia/AgriPAM-AI/crispr_detection/cctyper_1.8.0/GCF_030122785.1	<home>/Academia/AgriPAM-AI/crispr_detection/logs/GCF_030122785.1.log
GCF_030264055.1	completed	0	2026-09-10T12:13:36+0800	2026-09-10T12:15:26+0800	<home>/Academia/AgriPAM-AI/crispr_detection/cctyper_1.8.0/GCF_030264055.1	<home>/Academia/AgriPAM-AI/crispr_detection/logs/GCF_030264055.1.log
GCF_033439195.1	completed	0	2026-09-10T12:15:26+0800	2026-09-10T12:17:17+0800	<home>/Academia/AgriPAM-AI/crispr_detection/cctyper_1.8.0/GCF_033439195.1	<home>/Academia/AgriPAM-AI/crispr_detection/logs/GCF_033439195.1.log
GCF_048820385.1	completed	0	2026-09-10T12:17:17+0800	2026-09-10T12:19:13+0800	<home>/Academia/AgriPAM-AI/crispr_detection/cctyper_1.8.0/GCF_048820385.1	<home>/Academia/AgriPAM-AI/crispr_detection/logs/GCF_048820385.1.log
GCF_051131245.1	completed	0	2026-09-10T12:19:13+0800	2026-09-10T12:21:07+0800	<home>/Academia/AgriPAM-AI/crispr_detection/cctyper_1.8.0/GCF_051131245.1	<home>/Academia/AgriPAM-AI/crispr_detection/logs/GCF_051131245.1.log
GCF_052497575.1	completed	0	2026-09-10T12:21:07+0800	2026-09-10T12:23:00+0800	<home>/Academia/AgriPAM-AI/crispr_detection/cctyper_1.8.0/GCF_052497575.1	<home>/Academia/AgriPAM-AI/crispr_detection/logs/GCF_052497575.1.log
GCF_054974685.1	completed	0	2026-09-10T12:23:00+0800	2026-09-10T12:24:56+0800	<home>/Academia/AgriPAM-AI/crispr_detection/cctyper_1.8.0/GCF_054974685.1	<home>/Academia/AgriPAM-AI/crispr_detection/logs/GCF_054974685.1.log
GCF_055379085.1	completed	0	2026-09-10T12:24:56+0800	2026-09-10T12:26:57+0800	<home>/Academia/AgriPAM-AI/crispr_detection/cctyper_1.8.0/GCF_055379085.1	<home>/Academia/AgriPAM-AI/crispr_detection/logs/GCF_055379085.1.log
GCF_056312715.1	completed	0	2026-09-10T12:26:57+0800	2026-09-10T12:28:56+0800	<home>/Academia/AgriPAM-AI/crispr_detection/cctyper_1.8.0/GCF_056312715.1	<home>/Academia/AgriPAM-AI/crispr_detection/logs/GCF_056312715.1.log
GCF_057219035.1	completed	0	2026-09-10T12:28:56+0800	2026-09-10T12:30:46+0800	<home>/Academia/AgriPAM-AI/crispr_detection/cctyper_1.8.0/GCF_057219035.1	<home>/Academia/AgriPAM-AI/crispr_detection/logs/GCF_057219035.1.log
GCF_058310555.1	completed	0	2026-09-10T12:30:46+0800	2026-09-10T12:32:36+0800	<home>/Academia/AgriPAM-AI/crispr_detection/cctyper_1.8.0/GCF_058310555.1	<home>/Academia/AgriPAM-AI/crispr_detection/logs/GCF_058310555.1.log
