species	system_type	genomes_with_system	panel_size	prevalence_percent	total_systems
bacillus_subtilis	AbiD	1	24	4.167	1
bacillus_subtilis	Avs	2	24	8.333	2
bacillus_subtilis	CBASS	1	24	4.167	1
bacillus_subtilis	CoCoNut	1	24	4.167	1
bacillus_subtilis	Crouga	2	24	8.333	2
bacillus_subtilis	DARNA	2	24	8.333	2
bacillus_subtilis	DRT	1	24	4.167	1
bacillus_subtilis	DS-39	1	24	4.167	1
bacillus_subtilis	Dag	1	24	4.167	1
bacillus_subtilis	Dnd	1	24	4.167	1
bacillus_subtilis	Dsr	1	24	4.167	1
bacillus_subtilis	EcoKMcrA	5	24	20.833	5
bacillus_subtilis	Fliodhais	6	24	25.0	6
bacillus_subtilis	GAPS4	1	24	4.167	1
bacillus_subtilis	Gabija	4	24	16.667	4
bacillus_subtilis	Gao_Mza	1	24	4.167	1
bacillus_subtilis	Gao_Tmn	3	24	12.5	3
bacillus_subtilis	GmrSD_RM_Type_IV	1	24	4.167	2
bacillus_subtilis	Hesat	1	24	4.167	1
bacillus_subtilis	Hna	1	24	4.167	1
bacillus_subtilis	Kamadhenu	2	24	8.333	2
bacillus_subtilis	Lamassu-Fam	4	24	16.667	4
bacillus_subtilis	NLR	1	24	4.167	1
bacillus_subtilis	Nemetona	1	24	4.167	1
bacillus_subtilis	Other_Type_IV	2	24	8.333	2
bacillus_subtilis	PD-Lambda-5	1	24	4.167	1
bacillus_subtilis	PD-T7-5	1	24	4.167	1
bacillus_subtilis	PhiR47_GevAT	1	24	4.167	1
bacillus_subtilis	RAZR	1	24	4.167	1
bacillus_subtilis	RM_Type_I	5	24	20.833	5
bacillus_subtilis	RM_Type_II	5	24	20.833	5
bacillus_subtilis	RM_Type_IIG	4	24	16.667	4
bacillus_subtilis	RM_Type_III	1	24	4.167	1
bacillus_subtilis	Resolvase_DUF5677	1	24	4.167	1
bacillus_subtilis	Retron	2	24	8.333	2
bacillus_subtilis	RnlAB	1	24	4.167	1
bacillus_subtilis	SEFIR	2	24	8.333	2
bacillus_subtilis	ShosTA	1	24	4.167	1
bacillus_subtilis	SpbK	1	24	4.167	1
bacillus_subtilis	Thoeris	1	24	4.167	1
bacillus_subtilis	VP1839	2	24	8.333	2
bacillus_subtilis	gcu233	19	24	79.167	19
bacillus_subtilis	gcu24	2	24	8.333	2
bacillus_velezensis	Abi2	1	24	4.167	1
bacillus_velezensis	AbiAlpha	2	24	8.333	2
bacillus_velezensis	AbiD	4	24	16.667	4
bacillus_velezensis	AbiH	2	24	8.333	2
bacillus_velezensis	AbiN	1	24	4.167	1
bacillus_velezensis	AbiU	3	24	12.5	3
bacillus_velezensis	Aristaios	1	24	4.167	1
bacillus_velezensis	Clover	1	24	4.167	1
bacillus_velezensis	Crouga	1	24	4.167	1
bacillus_velezensis	DISARM	1	24	4.167	1
bacillus_velezensis	EcoKMcrA	1	24	4.167	1
bacillus_velezensis	FS_GIY_YIG	1	24	4.167	1
bacillus_velezensis	Gabija	2	24	8.333	2
bacillus_velezensis	Hachiman	1	24	4.167	1
bacillus_velezensis	Hna	2	24	8.333	2
bacillus_velezensis	Lamassu-Fam	3	24	12.5	3
bacillus_velezensis	Other_Type_IV	2	24	8.333	2
bacillus_velezensis	PD-T2-1	1	24	4.167	1
bacillus_velezensis	PD-T7-5	2	24	8.333	2
bacillus_velezensis	Paris	2	24	8.333	2
bacillus_velezensis	RM_Type_I	11	24	45.833	11
bacillus_velezensis	RM_Type_II	14	24	58.333	14
bacillus_velezensis	RM_Type_IIG	2	24	8.333	2
bacillus_velezensis	RM_Type_III	1	24	4.167	1
bacillus_velezensis	Resolvase_DUF5677	1	24	4.167	1
bacillus_velezensis	Resolvase_Schlafen	1	24	4.167	1
bacillus_velezensis	Retron	1	24	4.167	1
bacillus_velezensis	SEFIR	2	24	8.333	2
bacillus_velezensis	Thoeris	2	24	8.333	2
bacillus_velezensis	Tiamat	1	24	4.167	1
bacillus_velezensis	Wadjet	1	24	4.167	1
bacillus_velezensis	gcu233	12	24	50.0	12
paenibacillus_polymyxa	AbiU	1	24	4.167	1
paenibacillus_polymyxa	Aristaios	3	24	12.5	3
paenibacillus_polymyxa	Avs	4	24	16.667	4
paenibacillus_polymyxa	CBASS	2	24	8.333	2
paenibacillus_polymyxa	Cas	10	24	41.667	12
paenibacillus_polymyxa	Crouga	1	24	4.167	1
paenibacillus_polymyxa	DRT	3	24	12.5	3
paenibacillus_polymyxa	DS-12B	8	24	33.333	9
paenibacillus_polymyxa	DS-24	3	24	12.5	3
paenibacillus_polymyxa	DS-29	2	24	8.333	2
paenibacillus_polymyxa	DS-8	1	24	4.167	1
paenibacillus_polymyxa	Dnd	1	24	4.167	1
paenibacillus_polymyxa	EcoKMcrA	2	24	8.333	2
paenibacillus_polymyxa	FS_GIY_YIG	3	24	12.5	3
paenibacillus_polymyxa	Gabija	6	24	25.0	6
paenibacillus_polymyxa	GmrSD_RM_Type_IV	1	24	4.167	1
paenibacillus_polymyxa	Hna	1	24	4.167	1
paenibacillus_polymyxa	Lamassu-Fam	12	24	50.0	13
paenibacillus_polymyxa	McrBC	10	24	41.667	10
paenibacillus_polymyxa	Other_Type_IV	24	24	100.0	39
paenibacillus_polymyxa	PD-Lambda-5	1	24	4.167	1
paenibacillus_polymyxa	PD-T4-7	1	24	4.167	1
paenibacillus_polymyxa	Pycsar	3	24	12.5	3
paenibacillus_polymyxa	RM_Type_I	14	24	58.333	16
paenibacillus_polymyxa	RM_Type_II	1	24	4.167	1
paenibacillus_polymyxa	RM_Type_IIG	1	24	4.167	1
paenibacillus_polymyxa	RM_Type_III	2	24	8.333	2
paenibacillus_polymyxa	Resolvase_DUF5677	1	24	4.167	1
paenibacillus_polymyxa	Retron	4	24	16.667	4
paenibacillus_polymyxa	RosmerTA	9	24	37.5	9
paenibacillus_polymyxa	Rugutis	2	24	8.333	2
paenibacillus_polymyxa	SEFIR	2	24	8.333	2
paenibacillus_polymyxa	Septu	1	24	4.167	1
paenibacillus_polymyxa	Shango	1	24	4.167	1
paenibacillus_polymyxa	Shedu	3	24	12.5	3
paenibacillus_polymyxa	Sirona	1	24	4.167	1
paenibacillus_polymyxa	Thoeris	2	24	8.333	2
paenibacillus_polymyxa	Tiamat	5	24	20.833	5
paenibacillus_polymyxa	VP1839	1	24	4.167	1
paenibacillus_polymyxa	VP1851	1	24	4.167	1
paenibacillus_polymyxa	Wadjet	9	24	37.5	9
