accession	contig	operon	subtype	start	end	complete_interference	complete_adaptation	gene_count	gene_profile	replicon_type	replicon_name	replicon_length
GCF_000597985.1	NZ_CP006872.1	NZ_CP006872.1@46	I-C	2311615	2319769	100%	100%	7	Cas3_1_CAS-I;Cas5_0_IC;Cas8c_1_CAS-I-C;Cas7_2_CAS-I-C;Cas4_0_I-II;Cas1_0_IC;Cas2_2_CAS-I-II-III-IV-V-VI	Chromosome	chromosome	5828436
GCF_000785455.1	NZ_CP009909.1	NZ_CP009909.1@96	I-C	5271559	5279713	100%	100%	7	Cas3_1_CAS-I;Cas5_0_IC;Cas8c_1_CAS-I-C;Cas7_2_CAS-I-C;Cas4_0_I-II;Cas1_0_IC;Cas2_2_CAS-I-II-III-IV-V-VI	Chromosome	chromosome	5762608
GCF_022492955.1	NZ_CP092779.1	NZ_CP092779.1@43	I-C	2252214	2260356	100%	100%	7	Cas3_1_CAS-I;Cas5_0_IC;Cas8c_1_CAS-I-C;Cas7_2_CAS-I-C;Cas4_0_I-II;Cas1_0_IC;Cas2_2_CAS-I-II-III-IV-V-VI	Chromosome	chromosome	5755887
GCF_022649565.1	NZ_CP023711.1	NZ_CP023711.1@93	I-C	5661781	5669935	100%	100%	7	Cas3_1_CAS-I;Cas5_0_IC;Cas8c_1_CAS-I-C;Cas7_2_CAS-I-C;Cas4_0_I-II;Cas1_0_IC;Cas2_2_CAS-I-II-III-IV-V-VI	Chromosome	chromosome	5793823
GCF_022649565.1	NZ_CP023711.1	NZ_CP023711.1@16	III-B	1496668	1504467	100%	NA	7	PD_DExK_2_CAS-I-II-III-IV-V-VI;Cmr6gr7_2_CAS-III-B-III-C;Cmr5gr11_7_CAS-III-B;Cmr4gr7_0_CAS-III-B-III-C;Cmr3gr5_7_CAS-III-B-III-C;Cas10_4_CAS-III;Cmr1gr7_2_CAS-III-B-III-C	Chromosome	chromosome	5793823
GCF_023374295.1	NZ_CP086373.1	NZ_CP086373.1@50	I-C	2324950	2333104	100%	100%	7	Cas3_1_CAS-I;Cas5_0_IC;Cas8c_1_CAS-I-C;Cas7_2_CAS-I-C;Cas4_0_I-II;Cas1_0_IC;Cas2_2_CAS-I-II-III-IV-V-VI	Chromosome	chromosome	5769542
GCF_023586785.2	NZ_CP097766.1	NZ_CP097766.1@64	III-B	3849294	3857093	100%	NA	7	PD_DExK_2_CAS-I-II-III-IV-V-VI;Cmr6gr7_2_CAS-III-B-III-C;Cmr5gr11_7_CAS-III-B;Cmr4gr7_0_CAS-III-B-III-C;Cmr3gr5_7_CAS-III-B-III-C;Cas10_4_CAS-III;Cmr1gr7_2_CAS-III-B-III-C	Chromosome	chromosome	5745819
GCF_048820385.1	NZ_CP184726.1	NZ_CP184726.1@1	III-B	24621	32155	100%	NA	7	Cmr6gr7_2_CAS-III-B-III-C;Cmr5gr11_7_CAS-III-B;Cmr4gr7_0_CAS-III-B-III-C;Cmr3gr5_7_CAS-III-B-III-C;Cas10_0_CAS-III;Cmr1gr7_2_CAS-III-B-III-C;PD_DExK_2_CAS-I-II-III-IV-V-VI	Plasmid	pl29	363490
GCF_055379085.1	NZ_AP027908.1	NZ_AP027908.1@54	I-C	3448032	3456186	100%	100%	7	Cas2_2_CAS-I-II-III-IV-V-VI;Cas1_0_IC;Cas4_0_I-II;Cas7_2_CAS-I-C;Cas8c_1_CAS-I-C;Cas5_0_IC;Cas3_1_CAS-I	Chromosome	chromosome	5751119
GCF_055379085.1	NZ_AP027909.1	NZ_AP027909.1@1	III-B	168212	175749	100%	NA	7	PD_DExK_2_CAS-I-II-III-IV-V-VI;Cmr1gr7_2_CAS-III-B-III-C;Cas10_0_CAS-III;Cmr3gr5_7_CAS-III-B-III-C;Cmr4gr7_0_CAS-III-B-III-C;Cmr5gr11_7_CAS-III-B;Cmr6gr7_2_CAS-III-B-III-C	Plasmid	pT1-8_1	337347
GCF_056312715.1	NZ_CM149988.1	NZ_CM149988.1@46	I-C	2389093	2397235	100%	100%	7	Cas3_1_CAS-I;Cas5_0_IC;Cas8c_1_CAS-I-C;Cas7_2_CAS-I-C;Cas4_0_I-II;Cas1_0_IC;Cas2_2_CAS-I-II-III-IV-V-VI	Chromosome	chromosome	6007891
GCF_057219035.1	NZ_CM170113.1	NZ_CM170113.1@60	III-B	3863388	3871192	100%	NA	7	PD_DExK_2_CAS-I-II-III-IV-V-VI;Cmr6gr7_2_CAS-III-B-III-C;Cmr5gr11_7_CAS-III-B;Cmr4gr7_0_CAS-III-B-III-C;Cmr3gr5_7_CAS-III-B-III-C;Cas10_4_CAS-III;Cmr1gr7_2_CAS-III-B-III-C	Chromosome	chromosome	5697572
