PAM3	positive_count	positive_total	positive_frequency	control_count	control_total	control_frequency	log2_enrichment_pseudocount	fisher_greater_p	BH_q_64
TTC	21	21	1.0	35	2100	0.016666666666666666	5.853946463233164	1.0554088002113983e-35	6.754616321352949e-34
CGC	0	21	0.0	14	2100	0.006666666666666667	1.7194478329081766	1.0	1.0
AGT	0	21	0.0	17	2100	0.008095238095238095	1.4481458110907823	1.0	1.0
CTA	0	21	0.0	17	2100	0.008095238095238095	1.4481458110907823	1.0	1.0
GAC	0	21	0.0	19	2100	0.009047619047619047	1.2920266091735002	1.0	1.0
TAG	0	21	0.0	19	2100	0.009047619047619047	1.2920266091735002	1.0	1.0
CCC	0	21	0.0	20	2100	0.009523809523809525	1.219876823417665	1.0	1.0
ACC	0	21	0.0	21	2100	0.01	1.1511640733336508	1.0	1.0
ACT	0	21	0.0	22	2100	0.010476190476190476	1.085575731706074	1.0	1.0
CTC	0	21	0.0	22	2100	0.010476190476190476	1.085575731706074	1.0	1.0
GTG	0	21	0.0	22	2100	0.010476190476190476	1.085575731706074	1.0	1.0
TAC	0	21	0.0	22	2100	0.010476190476190476	1.085575731706074	1.0	1.0
TCG	0	21	0.0	22	2100	0.010476190476190476	1.085575731706074	1.0	1.0
GCG	0	21	0.0	23	2100	0.010952380952380953	1.0228399763581113	1.0	1.0
TGT	0	21	0.0	23	2100	0.010952380952380953	1.0228399763581113	1.0	1.0
AGG	0	21	0.0	24	2100	0.011428571428571429	0.9627189839205403	1.0	1.0
CGT	0	21	0.0	24	2100	0.011428571428571429	0.9627189839205403	1.0	1.0
ACG	0	21	0.0	25	2100	0.011904761904761904	0.9050034860642531	1.0	1.0
CAC	0	21	0.0	25	2100	0.011904761904761904	0.9050034860642531	1.0	1.0
GTC	0	21	0.0	25	2100	0.011904761904761904	0.9050034860642531	1.0	1.0
GTT	0	21	0.0	25	2100	0.011904761904761904	0.9050034860642531	1.0	1.0
CGA	0	21	0.0	26	2100	0.012380952380952381	0.8495083734725495	1.0	1.0
TCA	0	21	0.0	26	2100	0.012380952380952381	0.8495083734725495	1.0	1.0
AAC	0	21	0.0	27	2100	0.012857142857142857	0.7960691145110891	1.0	1.0
AAG	0	21	0.0	27	2100	0.012857142857142857	0.7960691145110891	1.0	1.0
GGC	0	21	0.0	27	2100	0.012857142857142857	0.7960691145110891	1.0	1.0
CCG	0	21	0.0	28	2100	0.013333333333333334	0.7445388138710071	1.0	1.0
GCC	0	21	0.0	28	2100	0.013333333333333334	0.7445388138710071	1.0	1.0
GGG	0	21	0.0	28	2100	0.013333333333333334	0.7445388138710071	1.0	1.0
GGT	0	21	0.0	28	2100	0.013333333333333334	0.7445388138710071	1.0	1.0
CCT	0	21	0.0	29	2100	0.01380952380952381	0.6947857786739076	1.0	1.0
GGA	0	21	0.0	29	2100	0.01380952380952381	0.6947857786739076	1.0	1.0
CAG	0	21	0.0	30	2100	0.014285714285714285	0.6466914904728622	1.0	1.0
AGA	0	21	0.0	31	2100	0.014761904761904763	0.6001489045358321	1.0	1.0
GCA	0	21	0.0	31	2100	0.014761904761904763	0.6001489045358321	1.0	1.0
CCA	0	21	0.0	32	2100	0.015238095238095238	0.5550610150072943	1.0	1.0
TCC	0	21	0.0	32	2100	0.015238095238095238	0.5550610150072943	1.0	1.0
GAG	0	21	0.0	33	2100	0.015714285714285715	0.5113396375779761	1.0	1.0
CAT	0	21	0.0	34	2100	0.01619047619047619	0.4689043712575798	1.0	1.0
CTG	0	21	0.0	35	2100	0.016666666666666666	0.42768170853106663	1.0	1.0
GTA	0	21	0.0	35	2100	0.016666666666666666	0.42768170853106663	1.0	1.0
AGC	0	21	0.0	36	2100	0.017142857142857144	0.3876042691557316	1.0	1.0
ATA	0	21	0.0	36	2100	0.017142857142857144	0.3876042691557316	1.0	1.0
CGG	0	21	0.0	36	2100	0.017142857142857144	0.3876042691557316	1.0	1.0
ACA	0	21	0.0	37	2100	0.017619047619047618	0.3486101375398679	1.0	1.0
GAT	0	21	0.0	37	2100	0.017619047619047618	0.3486101375398679	1.0	1.0
ATG	0	21	0.0	38	2100	0.018095238095238095	0.3106422873408475	1.0	1.0
TCT	0	21	0.0	38	2100	0.018095238095238095	0.3106422873408475	1.0	1.0
TAA	0	21	0.0	40	2100	0.01904761904761905	0.23757882515112386	1.0	1.0
TGA	0	21	0.0	40	2100	0.01904761904761905	0.23757882515112386	1.0	1.0
GCT	0	21	0.0	42	2100	0.02	0.16803789189804694	1.0	1.0
TGG	0	21	0.0	42	2100	0.02	0.16803789189804694	1.0	1.0
CAA	0	21	0.0	43	2100	0.020476190476190478	0.1344853321870206	1.0	1.0
GAA	0	21	0.0	43	2100	0.020476190476190478	0.1344853321870206	1.0	1.0
TTA	0	21	0.0	43	2100	0.020476190476190478	0.1344853321870206	1.0	1.0
CTT	0	21	0.0	45	2100	0.02142857142857143	0.06963418783705248	1.0	1.0
ATC	0	21	0.0	47	2100	0.02238095238095238	0.007573219704800871	1.0	1.0
TAT	0	21	0.0	47	2100	0.02238095238095238	0.007573219704800871	1.0	1.0
TGC	0	21	0.0	49	2100	0.023333333333333334	-0.051927792043860936	1.0	1.0
ATT	0	21	0.0	55	2100	0.02619047619047619	-0.21698703831435712	1.0	1.0
TTG	0	21	0.0	56	2100	0.02666666666666667	-0.24275013437943904	1.0	1.0
TTT	0	21	0.0	60	2100	0.02857142857142857	-0.34143440923884577	1.0	1.0
AAA	0	21	0.0	63	2100	0.03	-0.4112558587364172	1.0	1.0
AAT	0	21	0.0	65	2100	0.030952380952380953	-0.4559941735017015	1.0	1.0
