accession_a	accession_b	symmetric_ani	ani_distance	tree_patristic_distance	shared_spacers	union_spacers	jaccard_similarity
GCF_000597985.1	GCF_000785455.1	99.73585	0.2641500000000008	0.038191776	39	55	0.7090909090909091
GCF_000597985.1	GCF_022492955.1	98.6533	1.3466999999999985	0.258419365	6	61	0.09836065573770492
GCF_000597985.1	GCF_022649565.1	98.4008	1.5991999999999962	0.2810865567	6	78	0.07692307692307693
GCF_000597985.1	GCF_023374295.1	98.6296	1.3704000000000036	0.27248571769999996	6	77	0.07792207792207792
GCF_000597985.1	GCF_023586785.2	98.41955	1.580449999999999	0.3010328227	0	66	0.0
GCF_000597985.1	GCF_048820385.1	98.42385	1.5761499999999984	0.3030476676	0	89	0.0
GCF_000597985.1	GCF_055379085.1	98.8163	1.1837000000000018	0.194927835	0	113	0.0
GCF_000597985.1	GCF_056312715.1	98.7573	1.2426999999999992	0.253940687	6	59	0.1016949152542373
GCF_000597985.1	GCF_057219035.1	98.29245	1.7075499999999977	0.33114669760000004	0	61	0.0
GCF_000785455.1	GCF_022492955.1	98.78905	1.2109499999999969	0.260917211	6	67	0.08955223880597014
GCF_000785455.1	GCF_022649565.1	98.52905	1.470950000000002	0.28358440269999996	6	84	0.07142857142857142
GCF_000785455.1	GCF_023374295.1	98.6327	1.3673000000000002	0.2749835637	6	83	0.07228915662650602
GCF_000785455.1	GCF_023586785.2	98.4066	1.5934000000000026	0.3035306687	0	72	0.0
GCF_000785455.1	GCF_048820385.1	98.4102	1.5897999999999968	0.30554551360000004	0	95	0.0
GCF_000785455.1	GCF_055379085.1	98.8781	1.1218999999999966	0.19742568100000002	0	119	0.0
GCF_000785455.1	GCF_056312715.1	98.79535	1.2046500000000009	0.25643853299999997	6	65	0.09230769230769231
GCF_000785455.1	GCF_057219035.1	98.29605	1.703950000000006	0.3336445436	0	67	0.0
GCF_022492955.1	GCF_022649565.1	98.53505	1.4649500000000018	0.2824870337	16	47	0.3404255319148936
GCF_022492955.1	GCF_023374295.1	98.591	1.409000000000006	0.2738861947	18	44	0.4090909090909091
GCF_022492955.1	GCF_023586785.2	98.38725	1.6127500000000055	0.3024332997	0	45	0.0
GCF_022492955.1	GCF_048820385.1	98.3487	1.6513000000000062	0.3044481446	0	68	0.0
GCF_022492955.1	GCF_055379085.1	98.61745	1.3825499999999948	0.24447916600000003	0	92	0.0
GCF_022492955.1	GCF_056312715.1	99.6102	0.38979999999999393	0.046609764	21	23	0.9130434782608695
GCF_022492955.1	GCF_057219035.1	98.3678	1.6321999999999974	0.3325471746	0	40	0.0
GCF_022649565.1	GCF_023374295.1	98.8753	1.1247000000000043	0.191595441	21	58	0.3620689655172414
GCF_022649565.1	GCF_023586785.2	98.5554	1.444599999999994	0.277025734	13	49	0.2653061224489796
GCF_022649565.1	GCF_048820385.1	98.3343	1.665700000000001	0.3077254409	0	85	0.0
GCF_022649565.1	GCF_055379085.1	98.57355	1.4264500000000027	0.2671463577	0	109	0.0
GCF_022649565.1	GCF_056312715.1	98.55885	1.4411499999999933	0.27800835570000004	15	46	0.32608695652173914
GCF_022649565.1	GCF_057219035.1	98.3603	1.6397000000000048	0.3358244709	3	54	0.05555555555555555
GCF_023374295.1	GCF_023586785.2	98.72285	1.277150000000006	0.268424895	0	61	0.0
GCF_023374295.1	GCF_048820385.1	98.3643	1.6357	0.2991246019	0	84	0.0
GCF_023374295.1	GCF_055379085.1	98.64515	1.354849999999999	0.2585455187	0	108	0.0
GCF_023374295.1	GCF_056312715.1	98.6222	1.3777999999999935	0.2694075167	16	44	0.36363636363636365
GCF_023374295.1	GCF_057219035.1	98.3507	1.6492999999999967	0.32722363190000003	0	56	0.0
GCF_023586785.2	GCF_048820385.1	98.15455	1.8454499999999996	0.3276717069	0	67	0.0
GCF_023586785.2	GCF_055379085.1	98.3699	1.6300999999999988	0.2870926237	0	91	0.0
GCF_023586785.2	GCF_056312715.1	98.43805	1.561949999999996	0.2979546217	0	43	0.0
GCF_023586785.2	GCF_057219035.1	98.17995	1.8200499999999948	0.3557707369	3	36	0.08333333333333333
GCF_048820385.1	GCF_055379085.1	98.3993	1.6007000000000033	0.28910746860000003	0	114	0.0
GCF_048820385.1	GCF_056312715.1	98.35305	1.646950000000004	0.2999694666	0	66	0.0
GCF_048820385.1	GCF_057219035.1	98.5371	1.4629000000000048	0.25493899	0	62	0.0
GCF_055379085.1	GCF_056312715.1	98.54035	1.4596499999999963	0.240000488	0	90	0.0
GCF_055379085.1	GCF_057219035.1	98.265	1.7349999999999994	0.3172064986	0	86	0.0
GCF_056312715.1	GCF_057219035.1	98.3536	1.6463999999999999	0.32806849660000004	0	38	0.0
