query_id	spacer_records	genomes_present	arrays_present	accessions	strains
ASP000199	8	6	6	GCF_000597985.1;GCF_000785455.1;GCF_022492955.1;GCF_022649565.1;GCF_023374295.1;GCF_056312715.1	C12;CF05;MEZ6;SQR-21;ZJ-9;ZLZ-12
ASP000006	6	6	6	GCF_000597985.1;GCF_000785455.1;GCF_022492955.1;GCF_022649565.1;GCF_023374295.1;GCF_056312715.1	C12;CF05;MEZ6;SQR-21;ZJ-9;ZLZ-12
ASP000086	6	6	6	GCF_000597985.1;GCF_000785455.1;GCF_022492955.1;GCF_022649565.1;GCF_023374295.1;GCF_056312715.1	C12;CF05;MEZ6;SQR-21;ZJ-9;ZLZ-12
ASP000092	6	6	6	GCF_000597985.1;GCF_000785455.1;GCF_022492955.1;GCF_022649565.1;GCF_023374295.1;GCF_056312715.1	C12;CF05;MEZ6;SQR-21;ZJ-9;ZLZ-12
ASP000163	6	6	6	GCF_000597985.1;GCF_000785455.1;GCF_022492955.1;GCF_022649565.1;GCF_023374295.1;GCF_056312715.1	C12;CF05;MEZ6;SQR-21;ZJ-9;ZLZ-12
ASP000212	6	6	6	GCF_000597985.1;GCF_000785455.1;GCF_022492955.1;GCF_022649565.1;GCF_023374295.1;GCF_056312715.1	C12;CF05;MEZ6;SQR-21;ZJ-9;ZLZ-12
ASP000025	5	4	4	GCF_022492955.1;GCF_022649565.1;GCF_023374295.1;GCF_056312715.1	C12;MEZ6;ZJ-9;ZLZ-12
ASP000011	4	4	4	GCF_022492955.1;GCF_022649565.1;GCF_023374295.1;GCF_056312715.1	C12;MEZ6;ZJ-9;ZLZ-12
ASP000014	4	4	4	GCF_022492955.1;GCF_022649565.1;GCF_023374295.1;GCF_056312715.1	C12;MEZ6;ZJ-9;ZLZ-12
ASP000052	4	4	4	GCF_022492955.1;GCF_022649565.1;GCF_023374295.1;GCF_056312715.1	C12;MEZ6;ZJ-9;ZLZ-12
ASP000084	4	4	4	GCF_022492955.1;GCF_022649565.1;GCF_023374295.1;GCF_056312715.1	C12;MEZ6;ZJ-9;ZLZ-12
ASP000112	4	4	4	GCF_022492955.1;GCF_022649565.1;GCF_023374295.1;GCF_056312715.1	C12;MEZ6;ZJ-9;ZLZ-12
ASP000177	4	4	4	GCF_022492955.1;GCF_022649565.1;GCF_023374295.1;GCF_056312715.1	C12;MEZ6;ZJ-9;ZLZ-12
ASP000197	4	4	4	GCF_022492955.1;GCF_022649565.1;GCF_023374295.1;GCF_056312715.1	C12;MEZ6;ZJ-9;ZLZ-12
ASP000231	4	4	4	GCF_022492955.1;GCF_022649565.1;GCF_023374295.1;GCF_056312715.1	C12;MEZ6;ZJ-9;ZLZ-12
ASP000004	3	3	3	GCF_022492955.1;GCF_022649565.1;GCF_023374295.1	C12;MEZ6;ZJ-9
ASP000013	3	3	3	GCF_022649565.1;GCF_023586785.2;GCF_057219035.1	C12;R 6.14;SS44
ASP000082	3	3	3	GCF_022649565.1;GCF_023586785.2;GCF_057219035.1	C12;R 6.14;SS44
ASP000108	3	3	3	GCF_022492955.1;GCF_023374295.1;GCF_056312715.1	MEZ6;ZJ-9;ZLZ-12
ASP000175	3	3	3	GCF_022649565.1;GCF_023586785.2;GCF_057219035.1	C12;R 6.14;SS44
ASP000047	3	2	2	GCF_000597985.1;GCF_000785455.1	CF05;SQR-21
ASP000049	3	2	2	GCF_022492955.1;GCF_056312715.1	ZJ-9;ZLZ-12
ASP000074	3	2	2	GCF_000597985.1;GCF_000785455.1	CF05;SQR-21
ASP000174	3	2	2	GCF_000597985.1;GCF_000785455.1	CF05;SQR-21
ASP000002	2	2	2	GCF_000597985.1;GCF_000785455.1	CF05;SQR-21
ASP000007	2	2	2	GCF_000597985.1;GCF_000785455.1	CF05;SQR-21
ASP000015	2	2	2	GCF_000597985.1;GCF_000785455.1	CF05;SQR-21
ASP000018	2	2	2	GCF_000597985.1;GCF_000785455.1	CF05;SQR-21
ASP000022	2	2	2	GCF_022649565.1;GCF_023374295.1	C12;MEZ6
ASP000027	2	2	2	GCF_000597985.1;GCF_000785455.1	CF05;SQR-21
ASP000051	2	2	2	GCF_000597985.1;GCF_000785455.1	CF05;SQR-21
ASP000053	2	2	2	GCF_022492955.1;GCF_023374295.1	MEZ6;ZJ-9
ASP000056	2	2	2	GCF_000597985.1;GCF_000785455.1	CF05;SQR-21
ASP000063	2	2	2	GCF_022649565.1;GCF_023374295.1	C12;MEZ6
ASP000066	2	2	2	GCF_000597985.1;GCF_000785455.1	CF05;SQR-21
ASP000075	2	2	2	GCF_000597985.1;GCF_000785455.1	CF05;SQR-21
ASP000077	2	2	2	GCF_000597985.1;GCF_000785455.1	CF05;SQR-21
ASP000081	2	2	2	GCF_022649565.1;GCF_023586785.2	C12;R 6.14
ASP000096	2	2	2	GCF_000597985.1;GCF_000785455.1	CF05;SQR-21
ASP000097	2	2	2	GCF_000597985.1;GCF_000785455.1	CF05;SQR-21
ASP000098	2	2	2	GCF_000597985.1;GCF_000785455.1	CF05;SQR-21
ASP000100	2	2	2	GCF_022649565.1;GCF_023374295.1	C12;MEZ6
ASP000103	2	2	2	GCF_000597985.1;GCF_000785455.1	CF05;SQR-21
ASP000105	2	2	2	GCF_022649565.1;GCF_023374295.1	C12;MEZ6
ASP000110	2	2	2	GCF_022649565.1;GCF_023586785.2	C12;R 6.14
ASP000113	2	2	2	GCF_000597985.1;GCF_000785455.1	CF05;SQR-21
ASP000115	2	2	2	GCF_000597985.1;GCF_000785455.1	CF05;SQR-21
ASP000130	2	2	2	GCF_022649565.1;GCF_023586785.2	C12;R 6.14
ASP000132	2	2	2	GCF_000597985.1;GCF_000785455.1	CF05;SQR-21
ASP000133	2	2	2	GCF_022649565.1;GCF_023586785.2	C12;R 6.14
ASP000138	2	2	2	GCF_022649565.1;GCF_023586785.2	C12;R 6.14
ASP000142	2	2	2	GCF_000597985.1;GCF_000785455.1	CF05;SQR-21
ASP000155	2	2	2	GCF_000597985.1;GCF_000785455.1	CF05;SQR-21
ASP000156	2	2	2	GCF_022492955.1;GCF_056312715.1	ZJ-9;ZLZ-12
ASP000158	2	2	2	GCF_000597985.1;GCF_000785455.1	CF05;SQR-21
ASP000168	2	2	2	GCF_022492955.1;GCF_056312715.1	ZJ-9;ZLZ-12
ASP000171	2	2	2	GCF_022649565.1;GCF_023586785.2	C12;R 6.14
ASP000178	2	2	2	GCF_000597985.1;GCF_000785455.1	CF05;SQR-21
ASP000185	2	2	2	GCF_000597985.1;GCF_000785455.1	CF05;SQR-21
ASP000190	2	2	2	GCF_000597985.1;GCF_000785455.1	CF05;SQR-21
ASP000201	2	2	2	GCF_022649565.1;GCF_023586785.2	C12;R 6.14
ASP000206	2	2	2	GCF_022649565.1;GCF_023586785.2	C12;R 6.14
ASP000210	2	2	2	GCF_000597985.1;GCF_000785455.1	CF05;SQR-21
ASP000211	2	2	2	GCF_022492955.1;GCF_056312715.1	ZJ-9;ZLZ-12
ASP000214	2	2	2	GCF_022649565.1;GCF_023586785.2	C12;R 6.14
ASP000230	2	2	2	GCF_000597985.1;GCF_000785455.1	CF05;SQR-21
ASP000232	2	2	2	GCF_022492955.1;GCF_056312715.1	ZJ-9;ZLZ-12
ASP000239	2	2	2	GCF_000597985.1;GCF_000785455.1	CF05;SQR-21
ASP000240	2	2	2	GCF_000597985.1;GCF_000785455.1	CF05;SQR-21
ASP000241	2	2	2	GCF_000597985.1;GCF_000785455.1	CF05;SQR-21
ASP000242	2	2	2	GCF_022649565.1;GCF_023374295.1	C12;MEZ6
ASP000246	2	2	2	GCF_022649565.1;GCF_023586785.2	C12;R 6.14
ASP000248	2	2	2	GCF_000597985.1;GCF_000785455.1	CF05;SQR-21
ASP000249	2	2	2	GCF_000597985.1;GCF_000785455.1	CF05;SQR-21
ASP000223	2	1	1	GCF_048820385.1	L29
ASP000001	1	1	1	GCF_055379085.1	T1-8
ASP000003	1	1	1	GCF_048820385.1	L29
ASP000005	1	1	1	GCF_000785455.1	CF05
ASP000008	1	1	1	GCF_048820385.1	L29
ASP000009	1	1	1	GCF_000785455.1	CF05
ASP000010	1	1	1	GCF_055379085.1	T1-8
ASP000012	1	1	1	GCF_023374295.1	MEZ6
ASP000016	1	1	1	GCF_048820385.1	L29
ASP000017	1	1	1	GCF_023586785.2	R 6.14
ASP000019	1	1	1	GCF_048820385.1	L29
ASP000020	1	1	1	GCF_000597985.1	SQR-21
ASP000021	1	1	1	GCF_023374295.1	MEZ6
ASP000023	1	1	1	GCF_023374295.1	MEZ6
ASP000024	1	1	1	GCF_055379085.1	T1-8
ASP000026	1	1	1	GCF_055379085.1	T1-8
ASP000028	1	1	1	GCF_023374295.1	MEZ6
ASP000029	1	1	1	GCF_048820385.1	L29
ASP000030	1	1	1	GCF_048820385.1	L29
ASP000031	1	1	1	GCF_048820385.1	L29
ASP000032	1	1	1	GCF_055379085.1	T1-8
ASP000033	1	1	1	GCF_055379085.1	T1-8
ASP000034	1	1	1	GCF_055379085.1	T1-8
ASP000035	1	1	1	GCF_055379085.1	T1-8
ASP000036	1	1	1	GCF_023374295.1	MEZ6
ASP000037	1	1	1	GCF_057219035.1	SS44
ASP000038	1	1	1	GCF_023586785.2	R 6.14
ASP000039	1	1	1	GCF_057219035.1	SS44
ASP000040	1	1	1	GCF_048820385.1	L29
ASP000041	1	1	1	GCF_048820385.1	L29
ASP000042	1	1	1	GCF_055379085.1	T1-8
ASP000043	1	1	1	GCF_023374295.1	MEZ6
ASP000044	1	1	1	GCF_023374295.1	MEZ6
ASP000045	1	1	1	GCF_055379085.1	T1-8
ASP000046	1	1	1	GCF_055379085.1	T1-8
ASP000048	1	1	1	GCF_023374295.1	MEZ6
ASP000050	1	1	1	GCF_048820385.1	L29
ASP000054	1	1	1	GCF_023374295.1	MEZ6
ASP000055	1	1	1	GCF_055379085.1	T1-8
ASP000057	1	1	1	GCF_022649565.1	C12
ASP000058	1	1	1	GCF_057219035.1	SS44
ASP000059	1	1	1	GCF_057219035.1	SS44
ASP000060	1	1	1	GCF_048820385.1	L29
ASP000061	1	1	1	GCF_022649565.1	C12
ASP000062	1	1	1	GCF_023374295.1	MEZ6
ASP000064	1	1	1	GCF_055379085.1	T1-8
ASP000065	1	1	1	GCF_048820385.1	L29
ASP000067	1	1	1	GCF_055379085.1	T1-8
ASP000068	1	1	1	GCF_000785455.1	CF05
ASP000069	1	1	1	GCF_055379085.1	T1-8
ASP000070	1	1	1	GCF_055379085.1	T1-8
ASP000071	1	1	1	GCF_000597985.1	SQR-21
ASP000072	1	1	1	GCF_055379085.1	T1-8
ASP000073	1	1	1	GCF_048820385.1	L29
ASP000076	1	1	1	GCF_000785455.1	CF05
ASP000078	1	1	1	GCF_048820385.1	L29
ASP000079	1	1	1	GCF_048820385.1	L29
ASP000080	1	1	1	GCF_055379085.1	T1-8
ASP000083	1	1	1	GCF_048820385.1	L29
ASP000085	1	1	1	GCF_057219035.1	SS44
ASP000087	1	1	1	GCF_055379085.1	T1-8
ASP000088	1	1	1	GCF_048820385.1	L29
ASP000089	1	1	1	GCF_023586785.2	R 6.14
ASP000090	1	1	1	GCF_055379085.1	T1-8
ASP000091	1	1	1	GCF_048820385.1	L29
ASP000093	1	1	1	GCF_057219035.1	SS44
ASP000094	1	1	1	GCF_022649565.1	C12
ASP000095	1	1	1	GCF_048820385.1	L29
ASP000099	1	1	1	GCF_055379085.1	T1-8
ASP000101	1	1	1	GCF_055379085.1	T1-8
ASP000102	1	1	1	GCF_023374295.1	MEZ6
ASP000104	1	1	1	GCF_000785455.1	CF05
ASP000106	1	1	1	GCF_023374295.1	MEZ6
ASP000107	1	1	1	GCF_055379085.1	T1-8
ASP000109	1	1	1	GCF_048820385.1	L29
ASP000111	1	1	1	GCF_055379085.1	T1-8
ASP000114	1	1	1	GCF_055379085.1	T1-8
ASP000116	1	1	1	GCF_048820385.1	L29
ASP000117	1	1	1	GCF_055379085.1	T1-8
ASP000118	1	1	1	GCF_055379085.1	T1-8
ASP000119	1	1	1	GCF_055379085.1	T1-8
ASP000120	1	1	1	GCF_055379085.1	T1-8
ASP000121	1	1	1	GCF_055379085.1	T1-8
ASP000122	1	1	1	GCF_055379085.1	T1-8
ASP000123	1	1	1	GCF_055379085.1	T1-8
ASP000124	1	1	1	GCF_055379085.1	T1-8
ASP000125	1	1	1	GCF_022649565.1	C12
ASP000126	1	1	1	GCF_023586785.2	R 6.14
ASP000127	1	1	1	GCF_057219035.1	SS44
ASP000128	1	1	1	GCF_023586785.2	R 6.14
ASP000129	1	1	1	GCF_023374295.1	MEZ6
ASP000131	1	1	1	GCF_055379085.1	T1-8
ASP000134	1	1	1	GCF_055379085.1	T1-8
ASP000135	1	1	1	GCF_055379085.1	T1-8
ASP000136	1	1	1	GCF_023374295.1	MEZ6
ASP000137	1	1	1	GCF_055379085.1	T1-8
ASP000139	1	1	1	GCF_055379085.1	T1-8
ASP000140	1	1	1	GCF_057219035.1	SS44
ASP000141	1	1	1	GCF_048820385.1	L29
ASP000143	1	1	1	GCF_055379085.1	T1-8
ASP000144	1	1	1	GCF_055379085.1	T1-8
ASP000145	1	1	1	GCF_055379085.1	T1-8
ASP000146	1	1	1	GCF_023586785.2	R 6.14
ASP000147	1	1	1	GCF_048820385.1	L29
ASP000148	1	1	1	GCF_055379085.1	T1-8
ASP000149	1	1	1	GCF_048820385.1	L29
ASP000150	1	1	1	GCF_055379085.1	T1-8
ASP000151	1	1	1	GCF_055379085.1	T1-8
ASP000152	1	1	1	GCF_055379085.1	T1-8
ASP000153	1	1	1	GCF_055379085.1	T1-8
ASP000154	1	1	1	GCF_055379085.1	T1-8
ASP000157	1	1	1	GCF_057219035.1	SS44
ASP000159	1	1	1	GCF_048820385.1	L29
ASP000160	1	1	1	GCF_055379085.1	T1-8
ASP000161	1	1	1	GCF_055379085.1	T1-8
ASP000162	1	1	1	GCF_048820385.1	L29
ASP000164	1	1	1	GCF_048820385.1	L29
ASP000165	1	1	1	GCF_048820385.1	L29
ASP000166	1	1	1	GCF_022649565.1	C12
ASP000167	1	1	1	GCF_055379085.1	T1-8
ASP000169	1	1	1	GCF_048820385.1	L29
ASP000170	1	1	1	GCF_055379085.1	T1-8
ASP000172	1	1	1	GCF_022649565.1	C12
ASP000173	1	1	1	GCF_055379085.1	T1-8
ASP000176	1	1	1	GCF_055379085.1	T1-8
ASP000179	1	1	1	GCF_023586785.2	R 6.14
ASP000180	1	1	1	GCF_000785455.1	CF05
ASP000181	1	1	1	GCF_048820385.1	L29
ASP000182	1	1	1	GCF_000785455.1	CF05
ASP000183	1	1	1	GCF_055379085.1	T1-8
ASP000184	1	1	1	GCF_057219035.1	SS44
ASP000186	1	1	1	GCF_023586785.2	R 6.14
ASP000187	1	1	1	GCF_048820385.1	L29
ASP000188	1	1	1	GCF_055379085.1	T1-8
ASP000189	1	1	1	GCF_048820385.1	L29
ASP000191	1	1	1	GCF_055379085.1	T1-8
ASP000192	1	1	1	GCF_055379085.1	T1-8
ASP000193	1	1	1	GCF_055379085.1	T1-8
ASP000194	1	1	1	GCF_048820385.1	L29
ASP000195	1	1	1	GCF_055379085.1	T1-8
ASP000196	1	1	1	GCF_055379085.1	T1-8
ASP000198	1	1	1	GCF_055379085.1	T1-8
ASP000200	1	1	1	GCF_000785455.1	CF05
ASP000202	1	1	1	GCF_055379085.1	T1-8
ASP000203	1	1	1	GCF_048820385.1	L29
ASP000204	1	1	1	GCF_048820385.1	L29
ASP000205	1	1	1	GCF_048820385.1	L29
ASP000207	1	1	1	GCF_000597985.1	SQR-21
ASP000208	1	1	1	GCF_000597985.1	SQR-21
ASP000209	1	1	1	GCF_055379085.1	T1-8
ASP000213	1	1	1	GCF_055379085.1	T1-8
ASP000215	1	1	1	GCF_000785455.1	CF05
ASP000216	1	1	1	GCF_048820385.1	L29
ASP000217	1	1	1	GCF_023374295.1	MEZ6
ASP000218	1	1	1	GCF_048820385.1	L29
ASP000219	1	1	1	GCF_048820385.1	L29
ASP000220	1	1	1	GCF_057219035.1	SS44
ASP000221	1	1	1	GCF_055379085.1	T1-8
ASP000222	1	1	1	GCF_048820385.1	L29
ASP000224	1	1	1	GCF_048820385.1	L29
ASP000225	1	1	1	GCF_000785455.1	CF05
ASP000226	1	1	1	GCF_000597985.1	SQR-21
ASP000227	1	1	1	GCF_057219035.1	SS44
ASP000228	1	1	1	GCF_048820385.1	L29
ASP000229	1	1	1	GCF_055379085.1	T1-8
ASP000233	1	1	1	GCF_057219035.1	SS44
ASP000234	1	1	1	GCF_055379085.1	T1-8
ASP000235	1	1	1	GCF_000785455.1	CF05
ASP000236	1	1	1	GCF_048820385.1	L29
ASP000237	1	1	1	GCF_057219035.1	SS44
ASP000238	1	1	1	GCF_055379085.1	T1-8
ASP000243	1	1	1	GCF_023586785.2	R 6.14
ASP000244	1	1	1	GCF_048820385.1	L29
ASP000245	1	1	1	GCF_055379085.1	T1-8
ASP000247	1	1	1	GCF_023374295.1	MEZ6
