accession	strain	spacer_records	unique_spacer_sequences	spacers_shared_with_other_genomes	genome_private_spacers
GCF_055379085.1	T1-8	69	69	0	69
GCF_000785455.1	CF05	50	50	39	11
GCF_048820385.1	L29	46	45	0	45
GCF_000597985.1	SQR-21	49	44	39	5
GCF_022649565.1	C12	40	40	34	6
GCF_023374295.1	MEZ6	39	39	23	16
GCF_022492955.1	ZJ-9	25	23	23	0
GCF_023586785.2	R 6.14	22	22	13	9
GCF_056312715.1	ZLZ-12	21	21	21	0
GCF_057219035.1	SS44	17	17	3	14
GCF_002893885.1	HY96-2	0	0	0	0
GCF_006274405.1	ZF129	0	0	0	0
GCF_020181695.1	EB4 G3	0	0	0	0
GCF_withheld	ATCC 842	0	0	0	0
GCF_023586645.2	R 3.13	0	0	0	0
GCF_025720855.1	S3	0	0	0	0
GCF_029203955.1	KN-03	0	0	0	0
GCF_030122785.1	ACCC03434	0	0	0	0
GCF_030264055.1	YL-C1	0	0	0	0
GCF_033439195.1	PJH16	0	0	0	0
GCF_051131245.1	1711	0	0	0	0
GCF_052497575.1	EB51	0	0	0	0
GCF_054974685.1	29-Y2	0	0	0	0
GCF_058310555.1	ZBSF PP01	0	0	0	0
