accession_a	strain_a	accession_b	strain_b	spacers_a	spacers_b	shared_spacers	union_spacers	jaccard_similarity	jaccard_distance
GCF_000597985.1	SQR-21	GCF_000785455.1	CF05	44	50	39	55	0.7090909090909091	0.2909090909090909
GCF_022492955.1	ZJ-9	GCF_056312715.1	ZLZ-12	23	21	21	23	0.9130434782608695	0.08695652173913049
GCF_022649565.1	C12	GCF_023374295.1	MEZ6	40	39	21	58	0.3620689655172414	0.6379310344827587
GCF_022492955.1	ZJ-9	GCF_023374295.1	MEZ6	23	39	18	44	0.4090909090909091	0.5909090909090908
GCF_023374295.1	MEZ6	GCF_056312715.1	ZLZ-12	39	21	16	44	0.36363636363636365	0.6363636363636364
GCF_022492955.1	ZJ-9	GCF_022649565.1	C12	23	40	16	47	0.3404255319148936	0.6595744680851063
GCF_022649565.1	C12	GCF_056312715.1	ZLZ-12	40	21	15	46	0.32608695652173914	0.6739130434782609
GCF_022649565.1	C12	GCF_023586785.2	R 6.14	40	22	13	49	0.2653061224489796	0.7346938775510203
GCF_000597985.1	SQR-21	GCF_056312715.1	ZLZ-12	44	21	6	59	0.1016949152542373	0.8983050847457628
GCF_000597985.1	SQR-21	GCF_022492955.1	ZJ-9	44	23	6	61	0.09836065573770492	0.9016393442622951
GCF_000785455.1	CF05	GCF_056312715.1	ZLZ-12	50	21	6	65	0.09230769230769231	0.9076923076923077
GCF_000785455.1	CF05	GCF_022492955.1	ZJ-9	50	23	6	67	0.08955223880597014	0.9104477611940298
GCF_000597985.1	SQR-21	GCF_023374295.1	MEZ6	44	39	6	77	0.07792207792207792	0.922077922077922
GCF_000597985.1	SQR-21	GCF_022649565.1	C12	44	40	6	78	0.07692307692307693	0.9230769230769231
GCF_000785455.1	CF05	GCF_023374295.1	MEZ6	50	39	6	83	0.07228915662650602	0.927710843373494
GCF_000785455.1	CF05	GCF_022649565.1	C12	50	40	6	84	0.07142857142857142	0.9285714285714286
GCF_023586785.2	R 6.14	GCF_057219035.1	SS44	22	17	3	36	0.08333333333333333	0.9166666666666666
GCF_022649565.1	C12	GCF_057219035.1	SS44	40	17	3	54	0.05555555555555555	0.9444444444444444
GCF_000597985.1	SQR-21	GCF_002893885.1	HY96-2	44	0	0	44	0.0	1.0
GCF_000597985.1	SQR-21	GCF_006274405.1	ZF129	44	0	0	44	0.0	1.0
GCF_000597985.1	SQR-21	GCF_020181695.1	EB4 G3	44	0	0	44	0.0	1.0
GCF_000597985.1	SQR-21	GCF_022811565.1	ATCC 842	44	0	0	44	0.0	1.0
GCF_000597985.1	SQR-21	GCF_023586645.2	R 3.13	44	0	0	44	0.0	1.0
GCF_000597985.1	SQR-21	GCF_023586785.2	R 6.14	44	22	0	66	0.0	1.0
GCF_000597985.1	SQR-21	GCF_025720855.1	S3	44	0	0	44	0.0	1.0
GCF_000597985.1	SQR-21	GCF_029203955.1	KN-03	44	0	0	44	0.0	1.0
GCF_000597985.1	SQR-21	GCF_030122785.1	ACCC03434	44	0	0	44	0.0	1.0
GCF_000597985.1	SQR-21	GCF_030264055.1	YL-C1	44	0	0	44	0.0	1.0
GCF_000597985.1	SQR-21	GCF_033439195.1	PJH16	44	0	0	44	0.0	1.0
GCF_000597985.1	SQR-21	GCF_048820385.1	L29	44	45	0	89	0.0	1.0
GCF_000597985.1	SQR-21	GCF_051131245.1	1711	44	0	0	44	0.0	1.0
GCF_000597985.1	SQR-21	GCF_052497575.1	EB51	44	0	0	44	0.0	1.0
GCF_000597985.1	SQR-21	GCF_054974685.1	29-Y2	44	0	0	44	0.0	1.0
GCF_000597985.1	SQR-21	GCF_055379085.1	T1-8	44	69	0	113	0.0	1.0
GCF_000597985.1	SQR-21	GCF_057219035.1	SS44	44	17	0	61	0.0	1.0
GCF_000597985.1	SQR-21	GCF_058310555.1	ZBSF PP01	44	0	0	44	0.0	1.0
GCF_000785455.1	CF05	GCF_002893885.1	HY96-2	50	0	0	50	0.0	1.0
GCF_000785455.1	CF05	GCF_006274405.1	ZF129	50	0	0	50	0.0	1.0
GCF_000785455.1	CF05	GCF_020181695.1	EB4 G3	50	0	0	50	0.0	1.0
GCF_000785455.1	CF05	GCF_022811565.1	ATCC 842	50	0	0	50	0.0	1.0
GCF_000785455.1	CF05	GCF_023586645.2	R 3.13	50	0	0	50	0.0	1.0
GCF_000785455.1	CF05	GCF_023586785.2	R 6.14	50	22	0	72	0.0	1.0
GCF_000785455.1	CF05	GCF_025720855.1	S3	50	0	0	50	0.0	1.0
GCF_000785455.1	CF05	GCF_029203955.1	KN-03	50	0	0	50	0.0	1.0
GCF_000785455.1	CF05	GCF_030122785.1	ACCC03434	50	0	0	50	0.0	1.0
GCF_000785455.1	CF05	GCF_030264055.1	YL-C1	50	0	0	50	0.0	1.0
GCF_000785455.1	CF05	GCF_033439195.1	PJH16	50	0	0	50	0.0	1.0
GCF_000785455.1	CF05	GCF_048820385.1	L29	50	45	0	95	0.0	1.0
GCF_000785455.1	CF05	GCF_051131245.1	1711	50	0	0	50	0.0	1.0
GCF_000785455.1	CF05	GCF_052497575.1	EB51	50	0	0	50	0.0	1.0
GCF_000785455.1	CF05	GCF_054974685.1	29-Y2	50	0	0	50	0.0	1.0
GCF_000785455.1	CF05	GCF_055379085.1	T1-8	50	69	0	119	0.0	1.0
GCF_000785455.1	CF05	GCF_057219035.1	SS44	50	17	0	67	0.0	1.0
GCF_000785455.1	CF05	GCF_058310555.1	ZBSF PP01	50	0	0	50	0.0	1.0
GCF_002893885.1	HY96-2	GCF_022492955.1	ZJ-9	0	23	0	23	0.0	1.0
GCF_002893885.1	HY96-2	GCF_022649565.1	C12	0	40	0	40	0.0	1.0
GCF_002893885.1	HY96-2	GCF_023374295.1	MEZ6	0	39	0	39	0.0	1.0
GCF_002893885.1	HY96-2	GCF_023586785.2	R 6.14	0	22	0	22	0.0	1.0
GCF_002893885.1	HY96-2	GCF_048820385.1	L29	0	45	0	45	0.0	1.0
GCF_002893885.1	HY96-2	GCF_055379085.1	T1-8	0	69	0	69	0.0	1.0
GCF_002893885.1	HY96-2	GCF_056312715.1	ZLZ-12	0	21	0	21	0.0	1.0
GCF_002893885.1	HY96-2	GCF_057219035.1	SS44	0	17	0	17	0.0	1.0
GCF_006274405.1	ZF129	GCF_022492955.1	ZJ-9	0	23	0	23	0.0	1.0
GCF_006274405.1	ZF129	GCF_022649565.1	C12	0	40	0	40	0.0	1.0
GCF_006274405.1	ZF129	GCF_023374295.1	MEZ6	0	39	0	39	0.0	1.0
GCF_006274405.1	ZF129	GCF_023586785.2	R 6.14	0	22	0	22	0.0	1.0
GCF_006274405.1	ZF129	GCF_048820385.1	L29	0	45	0	45	0.0	1.0
GCF_006274405.1	ZF129	GCF_055379085.1	T1-8	0	69	0	69	0.0	1.0
GCF_006274405.1	ZF129	GCF_056312715.1	ZLZ-12	0	21	0	21	0.0	1.0
GCF_006274405.1	ZF129	GCF_057219035.1	SS44	0	17	0	17	0.0	1.0
GCF_020181695.1	EB4 G3	GCF_022492955.1	ZJ-9	0	23	0	23	0.0	1.0
GCF_020181695.1	EB4 G3	GCF_022649565.1	C12	0	40	0	40	0.0	1.0
GCF_020181695.1	EB4 G3	GCF_023374295.1	MEZ6	0	39	0	39	0.0	1.0
GCF_020181695.1	EB4 G3	GCF_023586785.2	R 6.14	0	22	0	22	0.0	1.0
GCF_020181695.1	EB4 G3	GCF_048820385.1	L29	0	45	0	45	0.0	1.0
GCF_020181695.1	EB4 G3	GCF_055379085.1	T1-8	0	69	0	69	0.0	1.0
GCF_020181695.1	EB4 G3	GCF_056312715.1	ZLZ-12	0	21	0	21	0.0	1.0
GCF_020181695.1	EB4 G3	GCF_057219035.1	SS44	0	17	0	17	0.0	1.0
GCF_022492955.1	ZJ-9	GCF_022811565.1	ATCC 842	23	0	0	23	0.0	1.0
GCF_022492955.1	ZJ-9	GCF_023586645.2	R 3.13	23	0	0	23	0.0	1.0
GCF_022492955.1	ZJ-9	GCF_023586785.2	R 6.14	23	22	0	45	0.0	1.0
GCF_022492955.1	ZJ-9	GCF_025720855.1	S3	23	0	0	23	0.0	1.0
GCF_022492955.1	ZJ-9	GCF_029203955.1	KN-03	23	0	0	23	0.0	1.0
GCF_022492955.1	ZJ-9	GCF_030122785.1	ACCC03434	23	0	0	23	0.0	1.0
GCF_022492955.1	ZJ-9	GCF_030264055.1	YL-C1	23	0	0	23	0.0	1.0
GCF_022492955.1	ZJ-9	GCF_033439195.1	PJH16	23	0	0	23	0.0	1.0
GCF_022492955.1	ZJ-9	GCF_048820385.1	L29	23	45	0	68	0.0	1.0
GCF_022492955.1	ZJ-9	GCF_051131245.1	1711	23	0	0	23	0.0	1.0
GCF_022492955.1	ZJ-9	GCF_052497575.1	EB51	23	0	0	23	0.0	1.0
GCF_022492955.1	ZJ-9	GCF_054974685.1	29-Y2	23	0	0	23	0.0	1.0
GCF_022492955.1	ZJ-9	GCF_055379085.1	T1-8	23	69	0	92	0.0	1.0
GCF_022492955.1	ZJ-9	GCF_057219035.1	SS44	23	17	0	40	0.0	1.0
GCF_022492955.1	ZJ-9	GCF_058310555.1	ZBSF PP01	23	0	0	23	0.0	1.0
GCF_022649565.1	C12	GCF_022811565.1	ATCC 842	40	0	0	40	0.0	1.0
GCF_022649565.1	C12	GCF_023586645.2	R 3.13	40	0	0	40	0.0	1.0
GCF_022649565.1	C12	GCF_025720855.1	S3	40	0	0	40	0.0	1.0
GCF_022649565.1	C12	GCF_029203955.1	KN-03	40	0	0	40	0.0	1.0
GCF_022649565.1	C12	GCF_030122785.1	ACCC03434	40	0	0	40	0.0	1.0
GCF_022649565.1	C12	GCF_030264055.1	YL-C1	40	0	0	40	0.0	1.0
GCF_022649565.1	C12	GCF_033439195.1	PJH16	40	0	0	40	0.0	1.0
GCF_022649565.1	C12	GCF_048820385.1	L29	40	45	0	85	0.0	1.0
GCF_022649565.1	C12	GCF_051131245.1	1711	40	0	0	40	0.0	1.0
GCF_022649565.1	C12	GCF_052497575.1	EB51	40	0	0	40	0.0	1.0
GCF_022649565.1	C12	GCF_054974685.1	29-Y2	40	0	0	40	0.0	1.0
GCF_022649565.1	C12	GCF_055379085.1	T1-8	40	69	0	109	0.0	1.0
GCF_022649565.1	C12	GCF_058310555.1	ZBSF PP01	40	0	0	40	0.0	1.0
GCF_022811565.1	ATCC 842	GCF_023374295.1	MEZ6	0	39	0	39	0.0	1.0
GCF_022811565.1	ATCC 842	GCF_023586785.2	R 6.14	0	22	0	22	0.0	1.0
GCF_022811565.1	ATCC 842	GCF_048820385.1	L29	0	45	0	45	0.0	1.0
GCF_022811565.1	ATCC 842	GCF_055379085.1	T1-8	0	69	0	69	0.0	1.0
GCF_022811565.1	ATCC 842	GCF_056312715.1	ZLZ-12	0	21	0	21	0.0	1.0
GCF_022811565.1	ATCC 842	GCF_057219035.1	SS44	0	17	0	17	0.0	1.0
GCF_023374295.1	MEZ6	GCF_023586645.2	R 3.13	39	0	0	39	0.0	1.0
GCF_023374295.1	MEZ6	GCF_023586785.2	R 6.14	39	22	0	61	0.0	1.0
GCF_023374295.1	MEZ6	GCF_025720855.1	S3	39	0	0	39	0.0	1.0
GCF_023374295.1	MEZ6	GCF_029203955.1	KN-03	39	0	0	39	0.0	1.0
GCF_023374295.1	MEZ6	GCF_030122785.1	ACCC03434	39	0	0	39	0.0	1.0
GCF_023374295.1	MEZ6	GCF_030264055.1	YL-C1	39	0	0	39	0.0	1.0
GCF_023374295.1	MEZ6	GCF_033439195.1	PJH16	39	0	0	39	0.0	1.0
GCF_023374295.1	MEZ6	GCF_048820385.1	L29	39	45	0	84	0.0	1.0
GCF_023374295.1	MEZ6	GCF_051131245.1	1711	39	0	0	39	0.0	1.0
GCF_023374295.1	MEZ6	GCF_052497575.1	EB51	39	0	0	39	0.0	1.0
GCF_023374295.1	MEZ6	GCF_054974685.1	29-Y2	39	0	0	39	0.0	1.0
GCF_023374295.1	MEZ6	GCF_055379085.1	T1-8	39	69	0	108	0.0	1.0
GCF_023374295.1	MEZ6	GCF_057219035.1	SS44	39	17	0	56	0.0	1.0
GCF_023374295.1	MEZ6	GCF_058310555.1	ZBSF PP01	39	0	0	39	0.0	1.0
GCF_023586645.2	R 3.13	GCF_023586785.2	R 6.14	0	22	0	22	0.0	1.0
GCF_023586645.2	R 3.13	GCF_048820385.1	L29	0	45	0	45	0.0	1.0
GCF_023586645.2	R 3.13	GCF_055379085.1	T1-8	0	69	0	69	0.0	1.0
GCF_023586645.2	R 3.13	GCF_056312715.1	ZLZ-12	0	21	0	21	0.0	1.0
GCF_023586645.2	R 3.13	GCF_057219035.1	SS44	0	17	0	17	0.0	1.0
GCF_023586785.2	R 6.14	GCF_025720855.1	S3	22	0	0	22	0.0	1.0
GCF_023586785.2	R 6.14	GCF_029203955.1	KN-03	22	0	0	22	0.0	1.0
GCF_023586785.2	R 6.14	GCF_030122785.1	ACCC03434	22	0	0	22	0.0	1.0
GCF_023586785.2	R 6.14	GCF_030264055.1	YL-C1	22	0	0	22	0.0	1.0
GCF_023586785.2	R 6.14	GCF_033439195.1	PJH16	22	0	0	22	0.0	1.0
GCF_023586785.2	R 6.14	GCF_048820385.1	L29	22	45	0	67	0.0	1.0
GCF_023586785.2	R 6.14	GCF_051131245.1	1711	22	0	0	22	0.0	1.0
GCF_023586785.2	R 6.14	GCF_052497575.1	EB51	22	0	0	22	0.0	1.0
GCF_023586785.2	R 6.14	GCF_054974685.1	29-Y2	22	0	0	22	0.0	1.0
GCF_023586785.2	R 6.14	GCF_055379085.1	T1-8	22	69	0	91	0.0	1.0
GCF_023586785.2	R 6.14	GCF_056312715.1	ZLZ-12	22	21	0	43	0.0	1.0
GCF_023586785.2	R 6.14	GCF_058310555.1	ZBSF PP01	22	0	0	22	0.0	1.0
GCF_025720855.1	S3	GCF_048820385.1	L29	0	45	0	45	0.0	1.0
GCF_025720855.1	S3	GCF_055379085.1	T1-8	0	69	0	69	0.0	1.0
GCF_025720855.1	S3	GCF_056312715.1	ZLZ-12	0	21	0	21	0.0	1.0
GCF_025720855.1	S3	GCF_057219035.1	SS44	0	17	0	17	0.0	1.0
GCF_029203955.1	KN-03	GCF_048820385.1	L29	0	45	0	45	0.0	1.0
GCF_029203955.1	KN-03	GCF_055379085.1	T1-8	0	69	0	69	0.0	1.0
GCF_029203955.1	KN-03	GCF_056312715.1	ZLZ-12	0	21	0	21	0.0	1.0
GCF_029203955.1	KN-03	GCF_057219035.1	SS44	0	17	0	17	0.0	1.0
GCF_030122785.1	ACCC03434	GCF_048820385.1	L29	0	45	0	45	0.0	1.0
GCF_030122785.1	ACCC03434	GCF_055379085.1	T1-8	0	69	0	69	0.0	1.0
GCF_030122785.1	ACCC03434	GCF_056312715.1	ZLZ-12	0	21	0	21	0.0	1.0
GCF_030122785.1	ACCC03434	GCF_057219035.1	SS44	0	17	0	17	0.0	1.0
GCF_030264055.1	YL-C1	GCF_048820385.1	L29	0	45	0	45	0.0	1.0
GCF_030264055.1	YL-C1	GCF_055379085.1	T1-8	0	69	0	69	0.0	1.0
GCF_030264055.1	YL-C1	GCF_056312715.1	ZLZ-12	0	21	0	21	0.0	1.0
GCF_030264055.1	YL-C1	GCF_057219035.1	SS44	0	17	0	17	0.0	1.0
GCF_033439195.1	PJH16	GCF_048820385.1	L29	0	45	0	45	0.0	1.0
GCF_033439195.1	PJH16	GCF_055379085.1	T1-8	0	69	0	69	0.0	1.0
GCF_033439195.1	PJH16	GCF_056312715.1	ZLZ-12	0	21	0	21	0.0	1.0
GCF_033439195.1	PJH16	GCF_057219035.1	SS44	0	17	0	17	0.0	1.0
GCF_048820385.1	L29	GCF_051131245.1	1711	45	0	0	45	0.0	1.0
GCF_048820385.1	L29	GCF_052497575.1	EB51	45	0	0	45	0.0	1.0
GCF_048820385.1	L29	GCF_054974685.1	29-Y2	45	0	0	45	0.0	1.0
GCF_048820385.1	L29	GCF_055379085.1	T1-8	45	69	0	114	0.0	1.0
GCF_048820385.1	L29	GCF_056312715.1	ZLZ-12	45	21	0	66	0.0	1.0
GCF_048820385.1	L29	GCF_057219035.1	SS44	45	17	0	62	0.0	1.0
GCF_048820385.1	L29	GCF_058310555.1	ZBSF PP01	45	0	0	45	0.0	1.0
GCF_051131245.1	1711	GCF_055379085.1	T1-8	0	69	0	69	0.0	1.0
GCF_051131245.1	1711	GCF_056312715.1	ZLZ-12	0	21	0	21	0.0	1.0
GCF_051131245.1	1711	GCF_057219035.1	SS44	0	17	0	17	0.0	1.0
GCF_052497575.1	EB51	GCF_055379085.1	T1-8	0	69	0	69	0.0	1.0
GCF_052497575.1	EB51	GCF_056312715.1	ZLZ-12	0	21	0	21	0.0	1.0
GCF_052497575.1	EB51	GCF_057219035.1	SS44	0	17	0	17	0.0	1.0
GCF_054974685.1	29-Y2	GCF_055379085.1	T1-8	0	69	0	69	0.0	1.0
GCF_054974685.1	29-Y2	GCF_056312715.1	ZLZ-12	0	21	0	21	0.0	1.0
GCF_054974685.1	29-Y2	GCF_057219035.1	SS44	0	17	0	17	0.0	1.0
GCF_055379085.1	T1-8	GCF_056312715.1	ZLZ-12	69	21	0	90	0.0	1.0
GCF_055379085.1	T1-8	GCF_057219035.1	SS44	69	17	0	86	0.0	1.0
GCF_055379085.1	T1-8	GCF_058310555.1	ZBSF PP01	69	0	0	69	0.0	1.0
GCF_056312715.1	ZLZ-12	GCF_057219035.1	SS44	21	17	0	38	0.0	1.0
GCF_056312715.1	ZLZ-12	GCF_058310555.1	ZBSF PP01	21	0	0	21	0.0	1.0
GCF_057219035.1	SS44	GCF_058310555.1	ZBSF PP01	17	0	0	17	0.0	1.0
GCF_002893885.1	HY96-2	GCF_006274405.1	ZF129	0	0	0	0		
GCF_002893885.1	HY96-2	GCF_020181695.1	EB4 G3	0	0	0	0		
GCF_002893885.1	HY96-2	GCF_022811565.1	ATCC 842	0	0	0	0		
GCF_002893885.1	HY96-2	GCF_023586645.2	R 3.13	0	0	0	0		
GCF_002893885.1	HY96-2	GCF_025720855.1	S3	0	0	0	0		
GCF_002893885.1	HY96-2	GCF_029203955.1	KN-03	0	0	0	0		
GCF_002893885.1	HY96-2	GCF_030122785.1	ACCC03434	0	0	0	0		
GCF_002893885.1	HY96-2	GCF_030264055.1	YL-C1	0	0	0	0		
GCF_002893885.1	HY96-2	GCF_033439195.1	PJH16	0	0	0	0		
GCF_002893885.1	HY96-2	GCF_051131245.1	1711	0	0	0	0		
GCF_002893885.1	HY96-2	GCF_052497575.1	EB51	0	0	0	0		
GCF_002893885.1	HY96-2	GCF_054974685.1	29-Y2	0	0	0	0		
GCF_002893885.1	HY96-2	GCF_058310555.1	ZBSF PP01	0	0	0	0		
GCF_006274405.1	ZF129	GCF_020181695.1	EB4 G3	0	0	0	0		
GCF_006274405.1	ZF129	GCF_022811565.1	ATCC 842	0	0	0	0		
GCF_006274405.1	ZF129	GCF_023586645.2	R 3.13	0	0	0	0		
GCF_006274405.1	ZF129	GCF_025720855.1	S3	0	0	0	0		
GCF_006274405.1	ZF129	GCF_029203955.1	KN-03	0	0	0	0		
GCF_006274405.1	ZF129	GCF_030122785.1	ACCC03434	0	0	0	0		
GCF_006274405.1	ZF129	GCF_030264055.1	YL-C1	0	0	0	0		
GCF_006274405.1	ZF129	GCF_033439195.1	PJH16	0	0	0	0		
GCF_006274405.1	ZF129	GCF_051131245.1	1711	0	0	0	0		
GCF_006274405.1	ZF129	GCF_052497575.1	EB51	0	0	0	0		
GCF_006274405.1	ZF129	GCF_054974685.1	29-Y2	0	0	0	0		
GCF_006274405.1	ZF129	GCF_058310555.1	ZBSF PP01	0	0	0	0		
GCF_020181695.1	EB4 G3	GCF_022811565.1	ATCC 842	0	0	0	0		
GCF_020181695.1	EB4 G3	GCF_023586645.2	R 3.13	0	0	0	0		
GCF_020181695.1	EB4 G3	GCF_025720855.1	S3	0	0	0	0		
GCF_020181695.1	EB4 G3	GCF_029203955.1	KN-03	0	0	0	0		
GCF_020181695.1	EB4 G3	GCF_030122785.1	ACCC03434	0	0	0	0		
GCF_020181695.1	EB4 G3	GCF_030264055.1	YL-C1	0	0	0	0		
GCF_020181695.1	EB4 G3	GCF_033439195.1	PJH16	0	0	0	0		
GCF_020181695.1	EB4 G3	GCF_051131245.1	1711	0	0	0	0		
GCF_020181695.1	EB4 G3	GCF_052497575.1	EB51	0	0	0	0		
GCF_020181695.1	EB4 G3	GCF_054974685.1	29-Y2	0	0	0	0		
GCF_020181695.1	EB4 G3	GCF_058310555.1	ZBSF PP01	0	0	0	0		
GCF_022811565.1	ATCC 842	GCF_023586645.2	R 3.13	0	0	0	0		
GCF_022811565.1	ATCC 842	GCF_025720855.1	S3	0	0	0	0		
GCF_022811565.1	ATCC 842	GCF_029203955.1	KN-03	0	0	0	0		
GCF_022811565.1	ATCC 842	GCF_030122785.1	ACCC03434	0	0	0	0		
GCF_022811565.1	ATCC 842	GCF_030264055.1	YL-C1	0	0	0	0		
GCF_022811565.1	ATCC 842	GCF_033439195.1	PJH16	0	0	0	0		
GCF_022811565.1	ATCC 842	GCF_051131245.1	1711	0	0	0	0		
GCF_022811565.1	ATCC 842	GCF_052497575.1	EB51	0	0	0	0		
GCF_022811565.1	ATCC 842	GCF_054974685.1	29-Y2	0	0	0	0		
GCF_022811565.1	ATCC 842	GCF_058310555.1	ZBSF PP01	0	0	0	0		
GCF_023586645.2	R 3.13	GCF_025720855.1	S3	0	0	0	0		
GCF_023586645.2	R 3.13	GCF_029203955.1	KN-03	0	0	0	0		
GCF_023586645.2	R 3.13	GCF_030122785.1	ACCC03434	0	0	0	0		
GCF_023586645.2	R 3.13	GCF_030264055.1	YL-C1	0	0	0	0		
GCF_023586645.2	R 3.13	GCF_033439195.1	PJH16	0	0	0	0		
GCF_023586645.2	R 3.13	GCF_051131245.1	1711	0	0	0	0		
GCF_023586645.2	R 3.13	GCF_052497575.1	EB51	0	0	0	0		
GCF_023586645.2	R 3.13	GCF_054974685.1	29-Y2	0	0	0	0		
GCF_023586645.2	R 3.13	GCF_058310555.1	ZBSF PP01	0	0	0	0		
GCF_025720855.1	S3	GCF_029203955.1	KN-03	0	0	0	0		
GCF_025720855.1	S3	GCF_030122785.1	ACCC03434	0	0	0	0		
GCF_025720855.1	S3	GCF_030264055.1	YL-C1	0	0	0	0		
GCF_025720855.1	S3	GCF_033439195.1	PJH16	0	0	0	0		
GCF_025720855.1	S3	GCF_051131245.1	1711	0	0	0	0		
GCF_025720855.1	S3	GCF_052497575.1	EB51	0	0	0	0		
GCF_025720855.1	S3	GCF_054974685.1	29-Y2	0	0	0	0		
GCF_025720855.1	S3	GCF_058310555.1	ZBSF PP01	0	0	0	0		
GCF_029203955.1	KN-03	GCF_030122785.1	ACCC03434	0	0	0	0		
GCF_029203955.1	KN-03	GCF_030264055.1	YL-C1	0	0	0	0		
GCF_029203955.1	KN-03	GCF_033439195.1	PJH16	0	0	0	0		
GCF_029203955.1	KN-03	GCF_051131245.1	1711	0	0	0	0		
GCF_029203955.1	KN-03	GCF_052497575.1	EB51	0	0	0	0		
GCF_029203955.1	KN-03	GCF_054974685.1	29-Y2	0	0	0	0		
GCF_029203955.1	KN-03	GCF_058310555.1	ZBSF PP01	0	0	0	0		
GCF_030122785.1	ACCC03434	GCF_030264055.1	YL-C1	0	0	0	0		
GCF_030122785.1	ACCC03434	GCF_033439195.1	PJH16	0	0	0	0		
GCF_030122785.1	ACCC03434	GCF_051131245.1	1711	0	0	0	0		
GCF_030122785.1	ACCC03434	GCF_052497575.1	EB51	0	0	0	0		
GCF_030122785.1	ACCC03434	GCF_054974685.1	29-Y2	0	0	0	0		
GCF_030122785.1	ACCC03434	GCF_058310555.1	ZBSF PP01	0	0	0	0		
GCF_030264055.1	YL-C1	GCF_033439195.1	PJH16	0	0	0	0		
GCF_030264055.1	YL-C1	GCF_051131245.1	1711	0	0	0	0		
GCF_030264055.1	YL-C1	GCF_052497575.1	EB51	0	0	0	0		
GCF_030264055.1	YL-C1	GCF_054974685.1	29-Y2	0	0	0	0		
GCF_030264055.1	YL-C1	GCF_058310555.1	ZBSF PP01	0	0	0	0		
GCF_033439195.1	PJH16	GCF_051131245.1	1711	0	0	0	0		
GCF_033439195.1	PJH16	GCF_052497575.1	EB51	0	0	0	0		
GCF_033439195.1	PJH16	GCF_054974685.1	29-Y2	0	0	0	0		
GCF_033439195.1	PJH16	GCF_058310555.1	ZBSF PP01	0	0	0	0		
GCF_051131245.1	1711	GCF_052497575.1	EB51	0	0	0	0		
GCF_051131245.1	1711	GCF_054974685.1	29-Y2	0	0	0	0		
GCF_051131245.1	1711	GCF_058310555.1	ZBSF PP01	0	0	0	0		
GCF_052497575.1	EB51	GCF_054974685.1	29-Y2	0	0	0	0		
GCF_052497575.1	EB51	GCF_058310555.1	ZBSF PP01	0	0	0	0		
GCF_054974685.1	29-Y2	GCF_058310555.1	ZBSF PP01	0	0	0	0		
