strain	fungus	symbol	reading
BI1	FI1	++	week2
BI1	FI2	++	week2
BI1	FI20	++	week2
B1	FI1	++	week2
B1	FI2	++	week2
B1	FI20	++	week2
B2	FI1	++	week2
B2	FI2	++	week2
B2	FI20	++	week2
B2	FI62	+	week2
B3	FI1	-	week2
B3	FI2	++	week2
B3	FI20	++	week2
B3	FI62	-	week2
B4	FI1	++	week2
B4	FI2	++	week2
B4	FI20	++	week2
B4	FI62	-	week2
B20	FI1	++	week2
B20	FI2	++	week2
B20	FI20	++	week2
B21	FI1	++	week2
B21	FI2	++	week2
B21	FI20	++	week2
B22	FI1	++	week2
B22	FI2	++	week2
B22	FI20	++	week2
B22	FI62	0	week2
B26	FI1	+++	week2
B26	FI2	0	week2
B26	FI20	++	week2
B28	FI1	-	week2
B28	FI2	-	week2
B28	FI20	++	week2
B28	FI62	-	week2
B29	FI1	+++	week2
B29	FI2	++	week2
B29	FI20	++	week2
B30	FI1	- +	week2
B30	FI2	-	week2
B30	FI20	++	week2
B30	FI62	-	week2
B31	FI1	- +	week2
B31	FI2	++	week2
B31	FI20	++	week2
B31	FI62	-	week2
B33	FI1	+	week2
B33	FI2	-	week2
B33	FI20	++	week2
B34	FI1	-	week2
B34	FI2	-	week2
B34	FI20	-	week2
B34	FI62	-	week2
B35	FI1	+++	week2
B35	FI2	++	week2
B35	FI20	++	week2
B39	FI1	+++	week2
B39	FI2	++	week2
B39	FI20	++	week2
B39	FI62	+	week2
B44	FI1	++	week2
B44	FI2	++	week2
B44	FI20	++	week2
B44	FI62	+	week2
B54	FI1	-	week2
B54	FI2	-	week2
B54	FI20	-	week2
B54	FI62	-	week2
B55	FI1	-	week2
B55	FI2	++	week2
B55	FI20	++	week2
B55	FI62	+	week2
B56	FI1	++	week2
B56	FI2	++	week2
B56	FI20	++	week2
B56	FI62	+	week2
B57	FI1	++	week2
B57	FI2	++	week2
B57	FI20	++	week2
B57	FI62	+	week2
B58	FI1	+++	week2
B58	FI2	++	week2
B58	FI20	++	week2
B58	FI62	+	week2
B59	FI1	+++	week2
B59	FI2	++	week2
B59	FI20	++	week2
B59	FI62	++	week2
CC26	FI1	-	week2
CC26	FI2	-	week2
CC26	FI20	-	week2
CC26	FI62	-	week2
CC27	FI1	++	week2
CC27	FI2	++	week2
CC27	FI20	++	week2
CC27	FI62	-	week2
CC28	FI1	++	week2
CC28	FI2	++	week2
CC28	FI20	++	week2
CC29	FI1	++	week2
CC29	FI2	++	week2
CC29	FI20	++	week2
