strain	pathogen	score_0_4	reading
B1	F7	3	week2
B1	F8	1	week2
B1	F9	1	week2
B1	F10	1	week2
B1	F11	1	week2
B1	F14	2	week2
B1	F17	3	week2
B1	F48	3	week2
B1	F53	1	week2
B1	R2	4	week2
B1	R6	4	week2
B3	F7	1	week2
B3	F8	1	week2
B3	F9	1	week2
B3	F10	0	week2
B3	F11	0	week2
B3	F14	2	week2
B3	F17	1	week2
B3	F48	2	week2
B3	F53	0	week2
B4	F10	1	week2
B4	F11	0	week2
B4	F14	1	week2
B4	F17	0	week2
B4	F48	0	week2
B4	F53	0	week2
B20	F7	0	week2
B20	F8	0	week2
B20	F9	0	week2
B20	F10	0	week2
B20	F11	0	week2
B20	F14	0	week2
B20	F17	0	week2
B20	F48	0	week2
B20	F53	0	week2
B20	R2	2	week2
B20	R6	3	week2
B21	F7	0	week2
B21	F8	0	week2
B21	F9	0	week2
B21	F10	0	week2
B21	F11	0	week2
B21	F14	0	week2
B21	F17	0	week2
B21	F48	0	week2
B21	F53	0	week2
B21	R2	2	week2
B21	R6	3	week2
B22	F11	0	week2
B22	F17	0	week2
B27	F7	0	week2
B27	F8	1	week2
B27	F9	0	week2
B27	F10	1	week2
B27	F11	1	week2
B27	F14	0	week2
B27	F17	0	week2
B27	F53	0	week2
B27	R2	0	week2
B27	R6	0	week2
B28	F7	1	week2
B28	F8	1	week2
B28	F9	0	week2
B28	F10	0	week2
B28	F11	0	week2
B28	F14	2	week2
B28	F17	1	week2
B28	F53	1	week2
B28	R2	3	week2
B28	R6	3	week2
B29	F7	0	week2
B29	F8	0	week2
B29	F9	0	week2
B29	F10	0	week2
B29	F11	0	week2
B29	F14	0	week2
B29	F17	0	week2
B29	F53	1	week2
B29	R2	3	week2
B29	R6	2	week2
B33	F14	0	week2
B34	F7	1	week2
B34	F8	1	week2
B34	F9	2	week2
B34	F10	2	week2
B34	F11	1	week2
B34	F14	1	week2
B34	F17	1	week2
B34	F53	1	week2
B34	R2	3	week2
B34	R6	3	week2
B39	F7	0	week2
B39	F8	0	week2
B39	F9	0	week2
B39	F10	0	week2
B39	F11	0	week2
B39	F14	0	week2
B39	F17	0	week2
B39	F48	0	week2
B39	F53	0	week2
B44	F7	0	week2
B44	F8	0	week2
B44	F9	0	week2
B44	F10	0	week2
B44	F11	0	week2
B44	F14	0	week2
B44	F17	0	week2
B44	F48	0	week2
B44	F53	0	week2
B54	F7	2	week2
B54	F8	2	week2
B54	F9	1	week2
B54	F10	0	week2
B54	F11	1	week2
B54	F14	1	week2
B54	F17	0	week2
B54	F53	0	week2
B54	R2	3	week2
B54	R6	3	week2
B55	F7	0	week2
B55	F8	0	week2
B55	F9	0	week2
B55	F10	0	week2
B55	F11	0	week2
B55	F14	0	week2
B55	F17	0	week2
B55	F48	0	week2
B55	F53	0	week2
B56	F7	0	week2
B56	F8	0	week2
B56	F9	0	week2
B56	F10	0	week2
B56	F11	0	week2
B56	F14	0	week2
B56	F17	0	week2
B56	F48	0	week2
B56	F53	0	week2
