strain	identification	catalase	oxidase	P_solubilization	K_solubilization	N_free_growth	glucanase	chitinase
BI1	Burkholderia metallica	3		4	3	3	0	1
54	Bacillus velezensis			0	3	0	5	5
CC25	Burkholderia metallica	3		4	3	3	0	1
CC26	Bacillus velezensis			0	3	0	5	5
CC27	Lacticaseibacillus paracasei	0	0	0			0	
CC28	no identificada	2	3				1	
CC29	Devosia riboflavina	1	0	2	1			1
B1	Burkholderia metallica	3		4	4	3	0	1
B2	Pseudomonas indoloxydans			3	1	5	0	2
B3	Bacillus subtilis	3		2	1	0	4	5
B4	Devosia riboflavina	2	2	1		0	0	2
B20	Bacillus aryabhattai			1	1	0	3	2
B21	Bacillus megaterium	1		1	0	0	5	3
B22	Bacillus simplex			0	0	0	2	2
B26	Lysinibacillus fusiformis			0	0	0	0	0
B27	Bacillus safensis			1	2	2	0	0
B28	Bacillus subtilis			0	2	0	5	5
B29	Bacillus thuringiensis			0	1	0	2	5
B30	Bacillus altitudinis			1	1	2	0	0
B31	Levilactobacillus brevis			4	3	2	0	0
B33	Peribacillus frigoritolerans			0	1	0	2	2
B34	Paenibacillus polymyxa			3	3	2	5	5
B35	Brevibacillus fluminis	0	2	0	3	0	0	0
B39	Ectopseudomonas mendocina	0	3	4	3	3	1	3
B44	Agrobacterium radiobacter	0		4	4	3	0	1
B55	Ectopseudomonas oleovorans	2		4	2	2	1	2
B56	Pseudomonas taiwanensis	3	1	5	3		0	1
B57	Pseudomonas monteilii	3	1	4	4		0	1
B58	Pseudomonas knackmussii	1	3	4	3		0	1
B59	Pseudomonas knackmussii	0	2	4	3		0	0
